,subject,phoneme,weight,svar,tvar,count
0,sub-001,IY,0.45799786400218445,0.003489085941800727,0.0716426874336437,1349
1,sub-001,OW,0.0832021601749123,0.0043541044042321895,0.07542279704553181,607
2,sub-001,AE,0.06577345160144077,0.006931779914101594,0.08205709516098753,721
3,sub-001,AA,0.04542741312806564,0.005679000119180113,0.06051876764022296,445
4,sub-001,EH,0.08624215644724584,0.006138875847706132,0.0813697448883545,963
5,sub-001,ER,0.09093103253920957,0.004988506932666679,0.08705811770971346,752
6,sub-001,IH,0.45221261199481255,0.003940573912407193,0.08274110856463797,1870
7,sub-001,UH,0.033205388768158484,0.004253789146951239,0.07313111245477143,227
8,sub-001,AH,0.31717658378952307,0.0049274698832071015,0.07982897631324444,3655
9,sub-001,AO,0.05434031311369618,0.004308807680753006,0.07683076391587858,581
10,sub-001,UW,0.04817952393243905,0.0017324031971243884,0.07266879366508079,404
11,sub-001,EY,0.460199780510381,0.0034973143939532408,0.07274070303102899,517
12,sub-001,AY,0.10995872159235366,0.005954200122843503,0.08562171833589666,626
13,sub-001,OY,0.042577164181398,0.005816735306129754,0.057154298082869516,110
14,sub-001,AW,0.0732002281796617,0.005283671065336925,0.07953025568443688,264
15,sub-001,Y,0.03712646612010092,0.003104865338035483,0.11760028726787727,190
16,sub-001,L,0.078510830881231,0.004097772651238384,0.08477952814267468,1392
17,sub-001,R,0.10654196374126872,0.004919442330211824,0.10050827274128243,1133
18,sub-001,W,0.15655940998544146,0.004837364042624449,0.11528410309548283,946
19,sub-001,B,0.6628621048323358,0.0014460358213638014,0.08342835410026078,725
20,sub-001,D,0.4343612083009401,0.0009534943346348497,0.054783281069775806,1761
21,sub-001,F,0.0498015437127526,0.0011349246706897785,0.0850352697411521,715
22,sub-001,HH,0.10749221713891888,0.0019788905816356724,0.05577150004720098,1070
23,sub-001,K,0.17456080065321117,0.0018068999691906232,0.07039753173020015,931
24,sub-001,M,0.051317040444810176,0.0022700018183277916,0.07514620227175837,952
25,sub-001,N,0.09742255448214682,0.0016651367025733756,0.06960200402678278,2373
26,sub-001,P,0.06120519087243869,0.0010814952595225788,0.07317871602082128,455
27,sub-001,S,0.14373637222802854,0.001203175727516339,0.089617974278109,1278
28,sub-001,T,0.5267942285999219,0.0015083247821953212,0.07712549259662313,2432
29,sub-001,V,0.03707901332112444,0.001800021258308774,0.05318383838383839,500
30,sub-001,Z,0.09026759865043735,0.0012825042522608323,0.0513880372385215,944
31,sub-001,DH,0.09176884711752675,0.001417672660096568,0.08007740691634159,1577
32,sub-001,NG,0.052095204530521085,0.002139221148471459,0.08201650623827951,382
33,sub-001,G,0.03667055181054825,0.0019330010528804966,0.10126103171965585,295
34,sub-001,SH,0.06622989605026884,0.003026548816605948,0.06900716213738914,279
35,sub-001,CH,0.032201089572774816,0.0017414162722957835,0.049105728292572516,118
36,sub-001,TH,0.02394327452722376,0.000977765531276409,0.07807345160286337,210
37,sub-001,ZH,0.0040336141726833065,0.002787920316060384,0.10024999999999999,5
38,sub-001,JH,0.027527444329990942,0.00227178868038509,0.07192611023805368,83
0,sub-002,IY,0.07156695669441686,0.003489085941800727,0.0716426874336437,1349
1,sub-002,OW,0.052565882970774705,0.0043541044042321895,0.07542279704553181,607
2,sub-002,AE,0.06069054189058256,0.006931779914101594,0.08205709516098753,721
3,sub-002,AA,0.04672993178720091,0.005679000119180113,0.06051876764022296,445
4,sub-002,EH,0.03527963091753874,0.006138875847706132,0.0813697448883545,963
5,sub-002,ER,0.0362722997645266,0.004988506932666679,0.08705811770971346,752
6,sub-002,IH,0.060010587151758624,0.003940573912407193,0.08274110856463797,1870
7,sub-002,UH,0.01662601822751485,0.004253789146951239,0.07313111245477143,227
8,sub-002,AH,0.09022962958220238,0.0049274698832071015,0.07982897631324444,3655
9,sub-002,AO,0.057931155695413274,0.004308807680753006,0.07683076391587858,581
10,sub-002,UW,0.03559644196255434,0.0017324031971243884,0.07266879366508079,404
11,sub-002,EY,0.028293775909871796,0.0034973143939532408,0.07274070303102899,517
12,sub-002,AY,0.060380132084693276,0.005954200122843503,0.08562171833589666,626
13,sub-002,OY,0.02137891673337648,0.005816735306129754,0.057154298082869516,110
14,sub-002,AW,0.06303611708804878,0.005283671065336925,0.07953025568443688,264
15,sub-002,Y,0.02800029899365013,0.003104865338035483,0.11760028726787727,190
16,sub-002,L,0.06698729846652986,0.004097772651238384,0.08477952814267468,1392
17,sub-002,R,0.03311271421720083,0.004919442330211824,0.10050827274128243,1133
18,sub-002,W,0.04486210058556386,0.004837364042624449,0.11528410309548283,946
19,sub-002,B,0.03852556171471064,0.0014460358213638014,0.08342835410026078,725
20,sub-002,D,0.04657349951729689,0.0009534943346348497,0.054783281069775806,1761
21,sub-002,F,0.039796145145879966,0.0011349246706897785,0.0850352697411521,715
22,sub-002,HH,0.04246863077926925,0.0019788905816356724,0.05577150004720098,1070
23,sub-002,K,0.04565626890541685,0.0018068999691906232,0.07039753173020015,931
24,sub-002,M,0.06225761956203003,0.0022700018183277916,0.07514620227175837,952
25,sub-002,N,0.05159348407967753,0.0016651367025733756,0.06960200402678278,2373
26,sub-002,P,0.046339629629585065,0.0010814952595225788,0.07317871602082128,455
27,sub-002,S,0.10435042082818939,0.001203175727516339,0.089617974278109,1278
28,sub-002,T,0.09600614625195306,0.0015083247821953212,0.07712549259662313,2432
29,sub-002,V,0.023759372168531398,0.001800021258308774,0.05318383838383839,500
30,sub-002,Z,0.046978733334837666,0.0012825042522608323,0.0513880372385215,944
31,sub-002,DH,0.042945557893920155,0.001417672660096568,0.08007740691634159,1577
32,sub-002,NG,0.02977271882150169,0.002139221148471459,0.08201650623827951,382
33,sub-002,G,0.02600498665127155,0.0019330010528804966,0.10126103171965585,295
34,sub-002,SH,0.038831593123793126,0.003026548816605948,0.06900716213738914,279
35,sub-002,CH,0.026311271311036475,0.0017414162722957835,0.049105728292572516,118
36,sub-002,TH,0.023570996841009134,0.000977765531276409,0.07807345160286337,210
37,sub-002,ZH,0.0020408523454253885,0.002787920316060384,0.10024999999999999,5
38,sub-002,JH,0.014544844816116023,0.00227178868038509,0.07192611023805368,83
0,sub-003,IY,0.07403477507111327,0.003489085941800727,0.0716426874336437,1349
1,sub-003,OW,0.030137033230506854,0.0043541044042321895,0.07542279704553181,607
2,sub-003,AE,0.04864060487176124,0.006931779914101594,0.08205709516098753,721
3,sub-003,AA,0.03747682311099493,0.005679000119180113,0.06051876764022296,445
4,sub-003,EH,0.026742676296575108,0.006138875847706132,0.0813697448883545,963
5,sub-003,ER,0.056519221420443126,0.004988506932666679,0.08705811770971346,752
6,sub-003,IH,0.039801369555808784,0.003940573912407193,0.08274110856463797,1870
7,sub-003,UH,0.013036825732895203,0.004253789146951239,0.07313111245477143,227
8,sub-003,AH,0.09200904047969936,0.0049274698832071015,0.07982897631324444,3655
9,sub-003,AO,0.0570373434995721,0.004308807680753006,0.07683076391587858,581
10,sub-003,UW,0.026514767530135774,0.0017324031971243884,0.07266879366508079,404
11,sub-003,EY,0.026138174327876417,0.0034973143939532408,0.07274070303102899,517
12,sub-003,AY,0.0486481939423411,0.005954200122843503,0.08562171833589666,626
13,sub-003,OY,0.019728646984384483,0.005816735306129754,0.057154298082869516,110
14,sub-003,AW,0.05304729989113167,0.005283671065336925,0.07953025568443688,264
15,sub-003,Y,0.01752744296962473,0.003104865338035483,0.11760028726787727,190
16,sub-003,L,0.0409614397120577,0.004097772651238384,0.08477952814267468,1392
17,sub-003,R,0.03164626259351772,0.004919442330211824,0.10050827274128243,1133
18,sub-003,W,0.04807823604328287,0.004837364042624449,0.11528410309548283,946
19,sub-003,B,0.037976503570346765,0.0014460358213638014,0.08342835410026078,725
20,sub-003,D,0.05035548555617099,0.0009534943346348497,0.054783281069775806,1761
21,sub-003,F,0.033429094144496706,0.0011349246706897785,0.0850352697411521,715
22,sub-003,HH,0.04790180522467343,0.0019788905816356724,0.05577150004720098,1070
23,sub-003,K,0.04541116577790383,0.0018068999691906232,0.07039753173020015,931
24,sub-003,M,0.033827056594595006,0.0022700018183277916,0.07514620227175837,952
25,sub-003,N,0.06467677379084914,0.0016651367025733756,0.06960200402678278,2373
26,sub-003,P,0.027624466459917944,0.0010814952595225788,0.07317871602082128,455
27,sub-003,S,0.06942273683431663,0.001203175727516339,0.089617974278109,1278
28,sub-003,T,0.09945802888765987,0.0015083247821953212,0.07712549259662313,2432
29,sub-003,V,0.02536158615332256,0.001800021258308774,0.05318383838383839,500
30,sub-003,Z,0.06311581084059763,0.0012825042522608323,0.0513880372385215,944
31,sub-003,DH,0.04818907307035168,0.001417672660096568,0.08007740691634159,1577
32,sub-003,NG,0.028758627915530285,0.002139221148471459,0.08201650623827951,382
33,sub-003,G,0.02085936391856207,0.0019330010528804966,0.10126103171965585,295
34,sub-003,SH,0.05287179438745092,0.003026548816605948,0.06900716213738914,279
35,sub-003,CH,0.01759083727277393,0.0017414162722957835,0.049105728292572516,118
36,sub-003,TH,0.017597315240130397,0.000977765531276409,0.07807345160286337,210
37,sub-003,ZH,0.0017715657221492361,0.002787920316060384,0.10024999999999999,5
38,sub-003,JH,0.013340566545525354,0.00227178868038509,0.07192611023805368,83
0,sub-004,IY,0.06923621055333287,0.003489085941800727,0.0716426874336437,1349
1,sub-004,OW,0.048339989975269684,0.0043541044042321895,0.07542279704553181,607
2,sub-004,AE,0.03704248972619424,0.006931779914101594,0.08205709516098753,721
3,sub-004,AA,0.03882152671029005,0.005679000119180113,0.06051876764022296,445
4,sub-004,EH,0.04178728281090052,0.006138875847706132,0.0813697448883545,963
5,sub-004,ER,0.0627845891179061,0.004988506932666679,0.08705811770971346,752
6,sub-004,IH,0.04720069997801449,0.003940573912407193,0.08274110856463797,1870
7,sub-004,UH,0.02063516705657553,0.004253789146951239,0.07313111245477143,227
8,sub-004,AH,0.12938814721433736,0.0049274698832071015,0.07982897631324444,3655
9,sub-004,AO,0.04651518002524153,0.004308807680753006,0.07683076391587858,581
10,sub-004,UW,0.0335318220327805,0.0017324031971243884,0.07266879366508079,404
11,sub-004,EY,0.04466147688375676,0.0034973143939532408,0.07274070303102899,517
12,sub-004,AY,0.06461734226665862,0.005954200122843503,0.08562171833589666,626
13,sub-004,OY,0.02819839556387179,0.005816735306129754,0.057154298082869516,110
14,sub-004,AW,0.040756961415429914,0.005283671065336925,0.07953025568443688,264
15,sub-004,Y,0.01921980299042517,0.003104865338035483,0.11760028726787727,190
16,sub-004,L,0.0725561497857568,0.004097772651238384,0.08477952814267468,1392
17,sub-004,R,0.04149561873580753,0.004919442330211824,0.10050827274128243,1133
18,sub-004,W,0.08136410029590746,0.004837364042624449,0.11528410309548283,946
19,sub-004,B,0.046194408078405455,0.0014460358213638014,0.08342835410026078,725
20,sub-004,D,0.09790469351549923,0.0009534943346348497,0.054783281069775806,1761
21,sub-004,F,0.05610937369376858,0.0011349246706897785,0.0850352697411521,715
22,sub-004,HH,0.05238047262003613,0.0019788905816356724,0.05577150004720098,1070
23,sub-004,K,0.05618779342671138,0.0018068999691906232,0.07039753173020015,931
24,sub-004,M,0.0336129235995907,0.0022700018183277916,0.07514620227175837,952
25,sub-004,N,0.04663341175567803,0.0016651367025733756,0.06960200402678278,2373
26,sub-004,P,0.05320246140550204,0.0010814952595225788,0.07317871602082128,455
27,sub-004,S,0.11821374063647784,0.001203175727516339,0.089617974278109,1278
28,sub-004,T,0.10850301787399187,0.0015083247821953212,0.07712549259662313,2432
29,sub-004,V,0.025879973427685016,0.001800021258308774,0.05318383838383839,500
30,sub-004,Z,0.06327455214847023,0.0012825042522608323,0.0513880372385215,944
31,sub-004,DH,0.04826869241265415,0.001417672660096568,0.08007740691634159,1577
32,sub-004,NG,0.029308326384853856,0.002139221148471459,0.08201650623827951,382
33,sub-004,G,0.02431668348372039,0.0019330010528804966,0.10126103171965585,295
34,sub-004,SH,0.0393451368290289,0.003026548816605948,0.06900716213738914,279
35,sub-004,CH,0.024911103863345014,0.0017414162722957835,0.049105728292572516,118
36,sub-004,TH,0.019600071448623482,0.000977765531276409,0.07807345160286337,210
37,sub-004,ZH,0.0023237439462225856,0.002787920316060384,0.10024999999999999,5
38,sub-004,JH,0.01625924820889294,0.00227178868038509,0.07192611023805368,83
0,sub-005,IY,0.09876333344370637,0.003489085941800727,0.0716426874336437,1349
1,sub-005,OW,0.04675248744487104,0.0043541044042321895,0.07542279704553181,607
2,sub-005,AE,0.05298794386634067,0.006931779914101594,0.08205709516098753,721
3,sub-005,AA,0.06892025872952835,0.005679000119180113,0.06051876764022296,445
4,sub-005,EH,0.05800919938451163,0.006138875847706132,0.0813697448883545,963
5,sub-005,ER,0.06455831309951003,0.004988506932666679,0.08705811770971346,752
6,sub-005,IH,0.061665538931280545,0.003940573912407193,0.08274110856463797,1870
7,sub-005,UH,0.021151055335537215,0.004253789146951239,0.07313111245477143,227
8,sub-005,AH,0.08854505101639312,0.0049274698832071015,0.07982897631324444,3655
9,sub-005,AO,0.043276623238437215,0.004308807680753006,0.07683076391587858,581
10,sub-005,UW,0.07021553951589997,0.0017324031971243884,0.07266879366508079,404
11,sub-005,EY,0.056312223617974354,0.0034973143939532408,0.07274070303102899,517
12,sub-005,AY,0.0832219099300721,0.005954200122843503,0.08562171833589666,626
13,sub-005,OY,0.023318796406950185,0.005816735306129754,0.057154298082869516,110
14,sub-005,AW,0.045446935015191675,0.005283671065336925,0.07953025568443688,264
15,sub-005,Y,0.025854915638813383,0.003104865338035483,0.11760028726787727,190
16,sub-005,L,0.06870032749529373,0.004097772651238384,0.08477952814267468,1392
17,sub-005,R,0.04049118376455659,0.004919442330211824,0.10050827274128243,1133
18,sub-005,W,0.07771528693172816,0.004837364042624449,0.11528410309548283,946
19,sub-005,B,0.05142225133100155,0.0014460358213638014,0.08342835410026078,725
20,sub-005,D,0.07274364942457781,0.0009534943346348497,0.054783281069775806,1761
21,sub-005,F,0.049483953364209764,0.0011349246706897785,0.0850352697411521,715
22,sub-005,HH,0.05047801898982901,0.0019788905816356724,0.05577150004720098,1070
23,sub-005,K,0.06011815181865137,0.0018068999691906232,0.07039753173020015,931
24,sub-005,M,0.08668809783548971,0.0022700018183277916,0.07514620227175837,952
25,sub-005,N,0.07290472971515682,0.0016651367025733756,0.06960200402678278,2373
26,sub-005,P,0.0912657523212423,0.0010814952595225788,0.07317871602082128,455
27,sub-005,S,0.12834725878909276,0.001203175727516339,0.089617974278109,1278
28,sub-005,T,0.09935922402487204,0.0015083247821953212,0.07712549259662313,2432
29,sub-005,V,0.035453459864861224,0.001800021258308774,0.05318383838383839,500
30,sub-005,Z,0.06571771576073053,0.0012825042522608323,0.0513880372385215,944
31,sub-005,DH,0.0515710989029277,0.001417672660096568,0.08007740691634159,1577
32,sub-005,NG,0.04636329376847525,0.002139221148471459,0.08201650623827951,382
33,sub-005,G,0.045681151898415276,0.0019330010528804966,0.10126103171965585,295
34,sub-005,SH,0.05892884458271693,0.003026548816605948,0.06900716213738914,279
35,sub-005,CH,0.036961728707174915,0.0017414162722957835,0.049105728292572516,118
36,sub-005,TH,0.02358472692257194,0.000977765531276409,0.07807345160286337,210
37,sub-005,ZH,0.004627901344009973,0.002787920316060384,0.10024999999999999,5
38,sub-005,JH,0.03900797700806447,0.00227178868038509,0.07192611023805368,83
0,sub-006,IY,0.06548124339171926,0.003489085941800727,0.0716426874336437,1349
1,sub-006,OW,0.08806937742506457,0.0043541044042321895,0.07542279704553181,607
2,sub-006,AE,0.08770640734781854,0.006931779914101594,0.08205709516098753,721
3,sub-006,AA,0.05003493843733618,0.005679000119180113,0.06051876764022296,445
4,sub-006,EH,0.05046752706514077,0.006138875847706132,0.0813697448883545,963
5,sub-006,ER,0.09793939612183467,0.004988506932666679,0.08705811770971346,752
6,sub-006,IH,0.08609659064953545,0.003940573912407193,0.08274110856463797,1870
7,sub-006,UH,0.02538405926245497,0.004253789146951239,0.07313111245477143,227
8,sub-006,AH,0.10888989652043356,0.0049274698832071015,0.07982897631324444,3655
9,sub-006,AO,0.08507833268297256,0.004308807680753006,0.07683076391587858,581
10,sub-006,UW,0.04282926146263096,0.0017324031971243884,0.07266879366508079,404
11,sub-006,EY,0.060691998352827285,0.0034973143939532408,0.07274070303102899,517
12,sub-006,AY,0.049401311707738156,0.005954200122843503,0.08562171833589666,626
13,sub-006,OY,0.030429912872366773,0.005816735306129754,0.057154298082869516,110
14,sub-006,AW,0.04098590948070635,0.005283671065336925,0.07953025568443688,264
15,sub-006,Y,0.020203381842899996,0.003104865338035483,0.11760028726787727,190
16,sub-006,L,0.08948957066872183,0.004097772651238384,0.08477952814267468,1392
17,sub-006,R,0.03411036985575499,0.004919442330211824,0.10050827274128243,1133
18,sub-006,W,0.045329818094805505,0.004837364042624449,0.11528410309548283,946
19,sub-006,B,0.056473980562151777,0.0014460358213638014,0.08342835410026078,725
20,sub-006,D,0.08107898474078089,0.0009534943346348497,0.054783281069775806,1761
21,sub-006,F,0.07258316839576527,0.0011349246706897785,0.0850352697411521,715
22,sub-006,HH,0.05889727029186189,0.0019788905816356724,0.05577150004720098,1070
23,sub-006,K,0.05909456458383511,0.0018068999691906232,0.07039753173020015,931
24,sub-006,M,0.04168752177521668,0.0022700018183277916,0.07514620227175837,952
25,sub-006,N,0.07660255793816084,0.0016651367025733756,0.06960200402678278,2373
26,sub-006,P,0.0547251472746278,0.0010814952595225788,0.07317871602082128,455
27,sub-006,S,0.10282379084071108,0.001203175727516339,0.089617974278109,1278
28,sub-006,T,0.1289995521173867,0.0015083247821953212,0.07712549259662313,2432
29,sub-006,V,0.01956637067106573,0.001800021258308774,0.05318383838383839,500
30,sub-006,Z,0.11251798769468335,0.0012825042522608323,0.0513880372385215,944
31,sub-006,DH,0.04605487532290621,0.001417672660096568,0.08007740691634159,1577
32,sub-006,NG,0.07803327275042855,0.002139221148471459,0.08201650623827951,382
33,sub-006,G,0.02013310055646087,0.0019330010528804966,0.10126103171965585,295
34,sub-006,SH,0.047984468818369125,0.003026548816605948,0.06900716213738914,279
35,sub-006,CH,0.029404644305021637,0.0017414162722957835,0.049105728292572516,118
36,sub-006,TH,0.0212913083735036,0.000977765531276409,0.07807345160286337,210
37,sub-006,ZH,0.0038820016170211997,0.002787920316060384,0.10024999999999999,5
38,sub-006,JH,0.014019983152731742,0.00227178868038509,0.07192611023805368,83
0,sub-007,IY,0.06836662849929237,0.003489085941800727,0.0716426874336437,1349
1,sub-007,OW,0.04529834064291677,0.0043541044042321895,0.07542279704553181,607
2,sub-007,AE,0.04196631926185993,0.006931779914101594,0.08205709516098753,721
3,sub-007,AA,0.029322022083904734,0.005679000119180113,0.06051876764022296,445
4,sub-007,EH,0.048547721850372906,0.006138875847706132,0.0813697448883545,963
5,sub-007,ER,0.03722159805273226,0.004988506932666679,0.08705811770971346,752
6,sub-007,IH,0.04925603505612508,0.003940573912407193,0.08274110856463797,1870
7,sub-007,UH,0.014067118316111018,0.004253789146951239,0.07313111245477143,227
8,sub-007,AH,0.06983573470707113,0.0049274698832071015,0.07982897631324444,3655
9,sub-007,AO,0.058395627622610975,0.004308807680753006,0.07683076391587858,581
10,sub-007,UW,0.019503815553528602,0.0017324031971243884,0.07266879366508079,404
11,sub-007,EY,0.03166634109773868,0.0034973143939532408,0.07274070303102899,517
12,sub-007,AY,0.04368406967152213,0.005954200122843503,0.08562171833589666,626
13,sub-007,OY,0.022966747743210905,0.005816735306129754,0.057154298082869516,110
14,sub-007,AW,0.039309216142299264,0.005283671065336925,0.07953025568443688,264
15,sub-007,Y,0.01412574297681241,0.003104865338035483,0.11760028726787727,190
16,sub-007,L,0.059562950878051704,0.004097772651238384,0.08477952814267468,1392
17,sub-007,R,0.031592515909333006,0.004919442330211824,0.10050827274128243,1133
18,sub-007,W,0.04472610509471758,0.004837364042624449,0.11528410309548283,946
19,sub-007,B,0.025904797636987338,0.0014460358213638014,0.08342835410026078,725
20,sub-007,D,0.053063481192274185,0.0009534943346348497,0.054783281069775806,1761
21,sub-007,F,0.04258530209986101,0.0011349246706897785,0.0850352697411521,715
22,sub-007,HH,0.03297245398059086,0.0019788905816356724,0.05577150004720098,1070
23,sub-007,K,0.051092222537088915,0.0018068999691906232,0.07039753173020015,931
24,sub-007,M,0.04013746365585922,0.0022700018183277916,0.07514620227175837,952
25,sub-007,N,0.05237078025738002,0.0016651367025733756,0.06960200402678278,2373
26,sub-007,P,0.029102428759513098,0.0010814952595225788,0.07317871602082128,455
27,sub-007,S,0.1147290261186211,0.001203175727516339,0.089617974278109,1278
28,sub-007,T,0.08706946368976064,0.0015083247821953212,0.07712549259662313,2432
29,sub-007,V,0.024505209746015055,0.001800021258308774,0.05318383838383839,500
30,sub-007,Z,0.04776431450147123,0.0012825042522608323,0.0513880372385215,944
31,sub-007,DH,0.04431608788615974,0.001417672660096568,0.08007740691634159,1577
32,sub-007,NG,0.030898651136894197,0.002139221148471459,0.08201650623827951,382
33,sub-007,G,0.02007726458143273,0.0019330010528804966,0.10126103171965585,295
34,sub-007,SH,0.03565090971241521,0.003026548816605948,0.06900716213738914,279
35,sub-007,CH,0.020938960980621004,0.0017414162722957835,0.049105728292572516,118
36,sub-007,TH,0.02009828047883924,0.000977765531276409,0.07807345160286337,210
37,sub-007,ZH,0.00172717942338189,0.002787920316060384,0.10024999999999999,5
38,sub-007,JH,0.01685957625939733,0.00227178868038509,0.07192611023805368,83
0,sub-008,IY,0.06576171383052937,0.003489085941800727,0.0716426874336437,1349
1,sub-008,OW,0.04139603593808346,0.0043541044042321895,0.07542279704553181,607
2,sub-008,AE,0.04871610104596945,0.006931779914101594,0.08205709516098753,721
3,sub-008,AA,0.04313652841140167,0.005679000119180113,0.06051876764022296,445
4,sub-008,EH,0.04425065349605319,0.006138875847706132,0.0813697448883545,963
5,sub-008,ER,0.043697526108315066,0.004988506932666679,0.08705811770971346,752
6,sub-008,IH,0.056561647178949286,0.003940573912407193,0.08274110856463797,1870
7,sub-008,UH,0.018319510382565733,0.004253789146951239,0.07313111245477143,227
8,sub-008,AH,0.10223918073852496,0.0049274698832071015,0.07982897631324444,3655
9,sub-008,AO,0.06319299040431323,0.004308807680753006,0.07683076391587858,581
10,sub-008,UW,0.03350927700008781,0.0017324031971243884,0.07266879366508079,404
11,sub-008,EY,0.047206095352387,0.0034973143939532408,0.07274070303102899,517
12,sub-008,AY,0.06836283106150895,0.005954200122843503,0.08562171833589666,626
13,sub-008,OY,0.02161402802647511,0.005816735306129754,0.057154298082869516,110
14,sub-008,AW,0.03020053436322791,0.005283671065336925,0.07953025568443688,264
15,sub-008,Y,0.02012561060491214,0.003104865338035483,0.11760028726787727,190
16,sub-008,L,0.06589237898772517,0.004097772651238384,0.08477952814267468,1392
17,sub-008,R,0.030647028501756504,0.004919442330211824,0.10050827274128243,1133
18,sub-008,W,0.03414580970271447,0.004837364042624449,0.11528410309548283,946
19,sub-008,B,0.03671187802080501,0.0014460358213638014,0.08342835410026078,725
20,sub-008,D,0.08216008050426764,0.0009534943346348497,0.054783281069775806,1761
21,sub-008,F,0.03590561492063645,0.0011349246706897785,0.0850352697411521,715
22,sub-008,HH,0.04731130593090129,0.0019788905816356724,0.05577150004720098,1070
23,sub-008,K,0.06694122853782686,0.0018068999691906232,0.07039753173020015,931
24,sub-008,M,0.05381843812714821,0.0022700018183277916,0.07514620227175837,952
25,sub-008,N,0.05218435251695563,0.0016651367025733756,0.06960200402678278,2373
26,sub-008,P,0.031792816981935486,0.0010814952595225788,0.07317871602082128,455
27,sub-008,S,0.07106437889111443,0.001203175727516339,0.089617974278109,1278
28,sub-008,T,0.08805813079974638,0.0015083247821953212,0.07712549259662313,2432
29,sub-008,V,0.02891416673476381,0.001800021258308774,0.05318383838383839,500
30,sub-008,Z,0.04757651531973894,0.0012825042522608323,0.0513880372385215,944
31,sub-008,DH,0.05119859591591299,0.001417672660096568,0.08007740691634159,1577
32,sub-008,NG,0.03186411074269204,0.002139221148471459,0.08201650623827951,382
33,sub-008,G,0.02634392173745451,0.0019330010528804966,0.10126103171965585,295
34,sub-008,SH,0.03634760571986235,0.003026548816605948,0.06900716213738914,279
35,sub-008,CH,0.02252723589082196,0.0017414162722957835,0.049105728292572516,118
36,sub-008,TH,0.016501060993397692,0.000977765531276409,0.07807345160286337,210
37,sub-008,ZH,0.0014321300918445018,0.002787920316060384,0.10024999999999999,5
38,sub-008,JH,0.01512636037720233,0.00227178868038509,0.07192611023805368,83
0,sub-009,IY,0.06327210449759636,0.003489085941800727,0.0716426874336437,1349
1,sub-009,OW,0.03448576351910569,0.0043541044042321895,0.07542279704553181,607
2,sub-009,AE,0.040718522026308386,0.006931779914101594,0.08205709516098753,721
3,sub-009,AA,0.025934584935189103,0.005679000119180113,0.06051876764022296,445
4,sub-009,EH,0.030737753444834693,0.006138875847706132,0.0813697448883545,963
5,sub-009,ER,0.02553097526418927,0.004988506932666679,0.08705811770971346,752
6,sub-009,IH,0.04692137584286325,0.003940573912407193,0.08274110856463797,1870
7,sub-009,UH,0.017647357815261618,0.004253789146951239,0.07313111245477143,227
8,sub-009,AH,0.05285915840087003,0.0049274698832071015,0.07982897631324444,3655
9,sub-009,AO,0.034028281116656234,0.004308807680753006,0.07683076391587858,581
10,sub-009,UW,0.02254957054559548,0.0017324031971243884,0.07266879366508079,404
11,sub-009,EY,0.042625637179614345,0.0034973143939532408,0.07274070303102899,517
12,sub-009,AY,0.060373289796564075,0.005954200122843503,0.08562171833589666,626
13,sub-009,OY,0.018885052381480704,0.005816735306129754,0.057154298082869516,110
14,sub-009,AW,0.03288430545897725,0.005283671065336925,0.07953025568443688,264
15,sub-009,Y,0.012544184799233919,0.003104865338035483,0.11760028726787727,190
16,sub-009,L,0.0543859139089772,0.004097772651238384,0.08477952814267468,1392
17,sub-009,R,0.023013490818371944,0.004919442330211824,0.10050827274128243,1133
18,sub-009,W,0.02461747696778435,0.004837364042624449,0.11528410309548283,946
19,sub-009,B,0.024142848402204205,0.0014460358213638014,0.08342835410026078,725
20,sub-009,D,0.04007168981019058,0.0009534943346348497,0.054783281069775806,1761
21,sub-009,F,0.02572425040598593,0.0011349246706897785,0.0850352697411521,715
22,sub-009,HH,0.03901580928806399,0.0019788905816356724,0.05577150004720098,1070
23,sub-009,K,0.05029277186514535,0.0018068999691906232,0.07039753173020015,931
24,sub-009,M,0.03407938786297432,0.0022700018183277916,0.07514620227175837,952
25,sub-009,N,0.05204946227303077,0.0016651367025733756,0.06960200402678278,2373
26,sub-009,P,0.033248100117572635,0.0010814952595225788,0.07317871602082128,455
27,sub-009,S,0.08374903037101573,0.001203175727516339,0.089617974278109,1278
28,sub-009,T,0.07811017735308096,0.0015083247821953212,0.07712549259662313,2432
29,sub-009,V,0.018933324915918325,0.001800021258308774,0.05318383838383839,500
30,sub-009,Z,0.05342996184352377,0.0012825042522608323,0.0513880372385215,944
31,sub-009,DH,0.033250323370735795,0.001417672660096568,0.08007740691634159,1577
32,sub-009,NG,0.023906726852582674,0.002139221148471459,0.08201650623827951,382
33,sub-009,G,0.02738779488452884,0.0019330010528804966,0.10126103171965585,295
34,sub-009,SH,0.03225102802378844,0.003026548816605948,0.06900716213738914,279
35,sub-009,CH,0.017059745907331128,0.0017414162722957835,0.049105728292572516,118
36,sub-009,TH,0.01550742837259235,0.000977765531276409,0.07807345160286337,210
37,sub-009,ZH,0.001387318487023307,0.002787920316060384,0.10024999999999999,5
38,sub-009,JH,0.0147056727758859,0.00227178868038509,0.07192611023805368,83
0,sub-010,IY,0.07063577794990375,0.003489085941800727,0.0716426874336437,1349
1,sub-010,OW,0.04698114934045584,0.0043541044042321895,0.07542279704553181,607
2,sub-010,AE,0.0693278165303838,0.006931779914101594,0.08205709516098753,721
3,sub-010,AA,0.037340844257549424,0.005679000119180113,0.06051876764022296,445
4,sub-010,EH,0.03769285967731631,0.006138875847706132,0.0813697448883545,963
5,sub-010,ER,0.057810599450554424,0.004988506932666679,0.08705811770971346,752
6,sub-010,IH,0.059518407502015314,0.003940573912407193,0.08274110856463797,1870
7,sub-010,UH,0.02031885657373939,0.004253789146951239,0.07313111245477143,227
8,sub-010,AH,0.09716562559111908,0.0049274698832071015,0.07982897631324444,3655
9,sub-010,AO,0.05082852650236292,0.004308807680753006,0.07683076391587858,581
10,sub-010,UW,0.03731133146634271,0.0017324031971243884,0.07266879366508079,404
11,sub-010,EY,0.04993833464850006,0.0034973143939532408,0.07274070303102899,517
12,sub-010,AY,0.057247501048390825,0.005954200122843503,0.08562171833589666,626
13,sub-010,OY,0.024067918449223683,0.005816735306129754,0.057154298082869516,110
14,sub-010,AW,0.06637107981524028,0.005283671065336925,0.07953025568443688,264
15,sub-010,Y,0.02477022336326066,0.003104865338035483,0.11760028726787727,190
16,sub-010,L,0.05710310462018539,0.004097772651238384,0.08477952814267468,1392
17,sub-010,R,0.03911866618776688,0.004919442330211824,0.10050827274128243,1133
18,sub-010,W,0.043642581591057154,0.004837364042624449,0.11528410309548283,946
19,sub-010,B,0.051566850243793566,0.0014460358213638014,0.08342835410026078,725
20,sub-010,D,0.051398808396351005,0.0009534943346348497,0.054783281069775806,1761
21,sub-010,F,0.05395877223893878,0.0011349246706897785,0.0850352697411521,715
22,sub-010,HH,0.036735597130114456,0.0019788905816356724,0.05577150004720098,1070
23,sub-010,K,0.06993951971866465,0.0018068999691906232,0.07039753173020015,931
24,sub-010,M,0.05348795610912247,0.0022700018183277916,0.07514620227175837,952
25,sub-010,N,0.06634295163250944,0.0016651367025733756,0.06960200402678278,2373
26,sub-010,P,0.0449834036152802,0.0010814952595225788,0.07317871602082128,455
27,sub-010,S,0.10149098246610755,0.001203175727516339,0.089617974278109,1278
28,sub-010,T,0.1403971328134322,0.0015083247821953212,0.07712549259662313,2432
29,sub-010,V,0.02347204874976661,0.001800021258308774,0.05318383838383839,500
30,sub-010,Z,0.08121982788601208,0.0012825042522608323,0.0513880372385215,944
31,sub-010,DH,0.05658382757600544,0.001417672660096568,0.08007740691634159,1577
32,sub-010,NG,0.0293806197178792,0.002139221148471459,0.08201650623827951,382
33,sub-010,G,0.03522680858450149,0.0019330010528804966,0.10126103171965585,295
34,sub-010,SH,0.04467708651860709,0.003026548816605948,0.06900716213738914,279
35,sub-010,CH,0.01597547900475406,0.0017414162722957835,0.049105728292572516,118
36,sub-010,TH,0.023327094973565075,0.000977765531276409,0.07807345160286337,210
37,sub-010,ZH,0.0026219884774918794,0.002787920316060384,0.10024999999999999,5
38,sub-010,JH,0.012935156501875244,0.00227178868038509,0.07192611023805368,83
0,sub-011,IY,0.10659696960364103,0.003489085941800727,0.0716426874336437,1349
1,sub-011,OW,0.07617041771478417,0.0043541044042321895,0.07542279704553181,607
2,sub-011,AE,0.07081467826685042,0.006931779914101594,0.08205709516098753,721
3,sub-011,AA,0.04712086578952197,0.005679000119180113,0.06051876764022296,445
4,sub-011,EH,0.07157873357474094,0.006138875847706132,0.0813697448883545,963
5,sub-011,ER,0.1146082377335964,0.004988506932666679,0.08705811770971346,752
6,sub-011,IH,0.08418997599954973,0.003940573912407193,0.08274110856463797,1870
7,sub-011,UH,0.02404403119758831,0.004253789146951239,0.07313111245477143,227
8,sub-011,AH,0.09649154838756746,0.0049274698832071015,0.07982897631324444,3655
9,sub-011,AO,0.0711926282708055,0.004308807680753006,0.07683076391587858,581
10,sub-011,UW,0.06225287053884228,0.0017324031971243884,0.07266879366508079,404
11,sub-011,EY,0.06892485145194475,0.0034973143939532408,0.07274070303102899,517
12,sub-011,AY,0.10599524040286094,0.005954200122843503,0.08562171833589666,626
13,sub-011,OY,0.05618974755218986,0.005816735306129754,0.057154298082869516,110
14,sub-011,AW,0.06438308121413906,0.005283671065336925,0.07953025568443688,264
15,sub-011,Y,0.02442188329422716,0.003104865338035483,0.11760028726787727,190
16,sub-011,L,0.08716915749237338,0.004097772651238384,0.08477952814267468,1392
17,sub-011,R,0.04741567830426567,0.004919442330211824,0.10050827274128243,1133
18,sub-011,W,0.11090832245989209,0.004837364042624449,0.11528410309548283,946
19,sub-011,B,0.07929038866667411,0.0014460358213638014,0.08342835410026078,725
20,sub-011,D,0.06924329885423208,0.0009534943346348497,0.054783281069775806,1761
21,sub-011,F,0.06579505495107657,0.0011349246706897785,0.0850352697411521,715
22,sub-011,HH,0.046384616018135004,0.0019788905816356724,0.05577150004720098,1070
23,sub-011,K,0.08048180650572458,0.0018068999691906232,0.07039753173020015,931
24,sub-011,M,0.06586077192511967,0.0022700018183277916,0.07514620227175837,952
25,sub-011,N,0.09237910982574533,0.0016651367025733756,0.06960200402678278,2373
26,sub-011,P,0.07919218198636391,0.0010814952595225788,0.07317871602082128,455
27,sub-011,S,0.13238834591807574,0.001203175727516339,0.089617974278109,1278
28,sub-011,T,0.14518651450495468,0.0015083247821953212,0.07712549259662313,2432
29,sub-011,V,0.031211784428909383,0.001800021258308774,0.05318383838383839,500
30,sub-011,Z,0.12160546128238109,0.0012825042522608323,0.0513880372385215,944
31,sub-011,DH,0.06357903619960252,0.001417672660096568,0.08007740691634159,1577
32,sub-011,NG,0.049323226459893704,0.002139221148471459,0.08201650623827951,382
33,sub-011,G,0.03912926845087671,0.0019330010528804966,0.10126103171965585,295
34,sub-011,SH,0.049856243276158084,0.003026548816605948,0.06900716213738914,279
35,sub-011,CH,0.0578797329871868,0.0017414162722957835,0.049105728292572516,118
36,sub-011,TH,0.03377481910407231,0.000977765531276409,0.07807345160286337,210
37,sub-011,ZH,0.006972168571233105,0.002787920316060384,0.10024999999999999,5
38,sub-011,JH,0.029912967498493793,0.00227178868038509,0.07192611023805368,83
0,sub-012,IY,0.05748507834004078,0.003489085941800727,0.0716426874336437,1349
1,sub-012,OW,0.024328544391394827,0.0043541044042321895,0.07542279704553181,607
2,sub-012,AE,0.03644306553023638,0.006931779914101594,0.08205709516098753,721
3,sub-012,AA,0.031099292892999616,0.005679000119180113,0.06051876764022296,445
4,sub-012,EH,0.03682862437362418,0.006138875847706132,0.0813697448883545,963
5,sub-012,ER,0.04323018276467397,0.004988506932666679,0.08705811770971346,752
6,sub-012,IH,0.043502758003376746,0.003940573912407193,0.08274110856463797,1870
7,sub-012,UH,0.018595577391565785,0.004253789146951239,0.07313111245477143,227
8,sub-012,AH,0.07055983930261,0.0049274698832071015,0.07982897631324444,3655
9,sub-012,AO,0.03495385781338055,0.004308807680753006,0.07683076391587858,581
10,sub-012,UW,0.025812543601351406,0.0017324031971243884,0.07266879366508079,404
11,sub-012,EY,0.03513167576785079,0.0034973143939532408,0.07274070303102899,517
12,sub-012,AY,0.03182894302676108,0.005954200122843503,0.08562171833589666,626
13,sub-012,OY,0.016779861929209997,0.005816735306129754,0.057154298082869516,110
14,sub-012,AW,0.032718171285069174,0.005283671065336925,0.07953025568443688,264
15,sub-012,Y,0.014204171491444107,0.003104865338035483,0.11760028726787727,190
16,sub-012,L,0.04882033058195878,0.004097772651238384,0.08477952814267468,1392
17,sub-012,R,0.03188455012578644,0.004919442330211824,0.10050827274128243,1133
18,sub-012,W,0.03728974595646464,0.004837364042624449,0.11528410309548283,946
19,sub-012,B,0.04715114836907549,0.0014460358213638014,0.08342835410026078,725
20,sub-012,D,0.035778336031329364,0.0009534943346348497,0.054783281069775806,1761
21,sub-012,F,0.026701796634634234,0.0011349246706897785,0.0850352697411521,715
22,sub-012,HH,0.03258041693237979,0.0019788905816356724,0.05577150004720098,1070
23,sub-012,K,0.044668004518237124,0.0018068999691906232,0.07039753173020015,931
24,sub-012,M,0.04313401641561998,0.0022700018183277916,0.07514620227175837,952
25,sub-012,N,0.054594294843393294,0.0016651367025733756,0.06960200402678278,2373
26,sub-012,P,0.03239395700662363,0.0010814952595225788,0.07317871602082128,455
27,sub-012,S,0.06658470310144328,0.001203175727516339,0.089617974278109,1278
28,sub-012,T,0.06386406221454247,0.0015083247821953212,0.07712549259662313,2432
29,sub-012,V,0.018685296619960653,0.001800021258308774,0.05318383838383839,500
30,sub-012,Z,0.04868507906005029,0.0012825042522608323,0.0513880372385215,944
31,sub-012,DH,0.05832143003209821,0.001417672660096568,0.08007740691634159,1577
32,sub-012,NG,0.02607653842913333,0.002139221148471459,0.08201650623827951,382
33,sub-012,G,0.01715563683084483,0.0019330010528804966,0.10126103171965585,295
34,sub-012,SH,0.02847946561763066,0.003026548816605948,0.06900716213738914,279
35,sub-012,CH,0.012038150191672967,0.0017414162722957835,0.049105728292572516,118
36,sub-012,TH,0.01943488901761282,0.000977765531276409,0.07807345160286337,210
37,sub-012,ZH,0.003139105448948384,0.002787920316060384,0.10024999999999999,5
38,sub-012,JH,0.013557594500523597,0.00227178868038509,0.07192611023805368,83
0,sub-013,IY,0.06448365599231073,0.003489085941800727,0.0716426874336437,1349
1,sub-013,OW,0.04220401919162514,0.0043541044042321895,0.07542279704553181,607
2,sub-013,AE,0.04602740352526048,0.006931779914101594,0.08205709516098753,721
3,sub-013,AA,0.036980747039189146,0.005679000119180113,0.06051876764022296,445
4,sub-013,EH,0.03756757217625106,0.006138875847706132,0.0813697448883545,963
5,sub-013,ER,0.046611244918962944,0.004988506932666679,0.08705811770971346,752
6,sub-013,IH,0.04502498858866364,0.003940573912407193,0.08274110856463797,1870
7,sub-013,UH,0.01716003975102467,0.004253789146951239,0.07313111245477143,227
8,sub-013,AH,0.07262628127432903,0.0049274698832071015,0.07982897631324444,3655
9,sub-013,AO,0.047252494777952056,0.004308807680753006,0.07683076391587858,581
10,sub-013,UW,0.03444956918648173,0.0017324031971243884,0.07266879366508079,404
11,sub-013,EY,0.04161937954312132,0.0034973143939532408,0.07274070303102899,517
12,sub-013,AY,0.06129879005464109,0.005954200122843503,0.08562171833589666,626
13,sub-013,OY,0.020247848161738573,0.005816735306129754,0.057154298082869516,110
14,sub-013,AW,0.0347911736020613,0.005283671065336925,0.07953025568443688,264
15,sub-013,Y,0.014305426671099223,0.003104865338035483,0.11760028726787727,190
16,sub-013,L,0.05815788543145634,0.004097772651238384,0.08477952814267468,1392
17,sub-013,R,0.037013584242831916,0.004919442330211824,0.10050827274128243,1133
18,sub-013,W,0.04737647608057623,0.004837364042624449,0.11528410309548283,946
19,sub-013,B,0.045566273418990576,0.0014460358213638014,0.08342835410026078,725
20,sub-013,D,0.053130016811241416,0.0009534943346348497,0.054783281069775806,1761
21,sub-013,F,0.03451913213130327,0.0011349246706897785,0.0850352697411521,715
22,sub-013,HH,0.034980757354578236,0.0019788905816356724,0.05577150004720098,1070
23,sub-013,K,0.045393647825105216,0.0018068999691906232,0.07039753173020015,931
24,sub-013,M,0.03345238785349713,0.0022700018183277916,0.07514620227175837,952
25,sub-013,N,0.053159984347929345,0.0016651367025733756,0.06960200402678278,2373
26,sub-013,P,0.03418759670283412,0.0010814952595225788,0.07317871602082128,455
27,sub-013,S,0.07883878543674057,0.001203175727516339,0.089617974278109,1278
28,sub-013,T,0.08105382470942515,0.0015083247821953212,0.07712549259662313,2432
29,sub-013,V,0.021431832108164506,0.001800021258308774,0.05318383838383839,500
30,sub-013,Z,0.05190975700192713,0.0012825042522608323,0.0513880372385215,944
31,sub-013,DH,0.04241029397903502,0.001417672660096568,0.08007740691634159,1577
32,sub-013,NG,0.032343875075565964,0.002139221148471459,0.08201650623827951,382
33,sub-013,G,0.02533852175040631,0.0019330010528804966,0.10126103171965585,295
34,sub-013,SH,0.020769113519807446,0.003026548816605948,0.06900716213738914,279
35,sub-013,CH,0.023656953733061196,0.0017414162722957835,0.049105728292572516,118
36,sub-013,TH,0.011416163244094038,0.000977765531276409,0.07807345160286337,210
37,sub-013,ZH,0.0017724306360557267,0.002787920316060384,0.10024999999999999,5
38,sub-013,JH,0.011437808030783566,0.00227178868038509,0.07192611023805368,83
0,sub-014,IY,0.10479311914320137,0.003489085941800727,0.0716426874336437,1349
1,sub-014,OW,0.07720585123688171,0.0043541044042321895,0.07542279704553181,607
2,sub-014,AE,0.08513417400400788,0.006931779914101594,0.08205709516098753,721
3,sub-014,AA,0.07985069510479743,0.005679000119180113,0.06051876764022296,445
4,sub-014,EH,0.05452287037666136,0.006138875847706132,0.0813697448883545,963
5,sub-014,ER,0.08997258319120834,0.004988506932666679,0.08705811770971346,752
6,sub-014,IH,0.06242839089742853,0.003940573912407193,0.08274110856463797,1870
7,sub-014,UH,0.026074580889665265,0.004253789146951239,0.07313111245477143,227
8,sub-014,AH,0.1096112472737826,0.0049274698832071015,0.07982897631324444,3655
9,sub-014,AO,0.06250321820045918,0.004308807680753006,0.07683076391587858,581
10,sub-014,UW,0.04712367951106476,0.0017324031971243884,0.07266879366508079,404
11,sub-014,EY,0.09062205558761534,0.0034973143939532408,0.07274070303102899,517
12,sub-014,AY,0.13311301756742627,0.005954200122843503,0.08562171833589666,626
13,sub-014,OY,0.06339573740794169,0.005816735306129754,0.057154298082869516,110
14,sub-014,AW,0.07296959996714981,0.005283671065336925,0.07953025568443688,264
15,sub-014,Y,0.04475673784167953,0.003104865338035483,0.11760028726787727,190
16,sub-014,L,0.08767360617469686,0.004097772651238384,0.08477952814267468,1392
17,sub-014,R,0.07660610074083435,0.004919442330211824,0.10050827274128243,1133
18,sub-014,W,0.09690840955137081,0.004837364042624449,0.11528410309548283,946
19,sub-014,B,0.07806600587678583,0.0014460358213638014,0.08342835410026078,725
20,sub-014,D,0.14334398830900147,0.0009534943346348497,0.054783281069775806,1761
21,sub-014,F,0.04122282327491475,0.0011349246706897785,0.0850352697411521,715
22,sub-014,HH,0.05589868854459384,0.0019788905816356724,0.05577150004720098,1070
23,sub-014,K,0.13730483430603446,0.0018068999691906232,0.07039753173020015,931
24,sub-014,M,0.07299671973112308,0.0022700018183277916,0.07514620227175837,952
25,sub-014,N,0.07831363069857654,0.0016651367025733756,0.06960200402678278,2373
26,sub-014,P,0.07255289480612628,0.0010814952595225788,0.07317871602082128,455
27,sub-014,S,0.1423648855730192,0.001203175727516339,0.089617974278109,1278
28,sub-014,T,0.19821508199362992,0.0015083247821953212,0.07712549259662313,2432
29,sub-014,V,0.04465597423790257,0.001800021258308774,0.05318383838383839,500
30,sub-014,Z,0.06320624377428269,0.0012825042522608323,0.0513880372385215,944
31,sub-014,DH,0.08535735969682816,0.001417672660096568,0.08007740691634159,1577
32,sub-014,NG,0.06907045292223778,0.002139221148471459,0.08201650623827951,382
33,sub-014,G,0.047472584325977375,0.0019330010528804966,0.10126103171965585,295
34,sub-014,SH,0.07748333801854022,0.003026548816605948,0.06900716213738914,279
35,sub-014,CH,0.0362376569485372,0.0017414162722957835,0.049105728292572516,118
36,sub-014,TH,0.061551189355020304,0.000977765531276409,0.07807345160286337,210
37,sub-014,ZH,0.006742948723492967,0.002787920316060384,0.10024999999999999,5
38,sub-014,JH,0.02911225098776351,0.00227178868038509,0.07192611023805368,83
0,sub-015,IY,0.07336764610340293,0.003489085941800727,0.0716426874336437,1349
1,sub-015,OW,0.041893748159110275,0.0043541044042321895,0.07542279704553181,607
2,sub-015,AE,0.06505855511561272,0.006931779914101594,0.08205709516098753,721
3,sub-015,AA,0.03685622940789037,0.005679000119180113,0.06051876764022296,445
4,sub-015,EH,0.03288477655587061,0.006138875847706132,0.0813697448883545,963
5,sub-015,ER,0.0523747080124018,0.004988506932666679,0.08705811770971346,752
6,sub-015,IH,0.03398988929023845,0.003940573912407193,0.08274110856463797,1870
7,sub-015,UH,0.03615328139731352,0.004253789146951239,0.07313111245477143,227
8,sub-015,AH,0.0427871357347377,0.0049274698832071015,0.07982897631324444,3655
9,sub-015,AO,0.03438652472695591,0.004308807680753006,0.07683076391587858,581
10,sub-015,UW,0.019312454371677227,0.0017324031971243884,0.07266879366508079,404
11,sub-015,EY,0.042370725843624654,0.0034973143939532408,0.07274070303102899,517
12,sub-015,AY,0.05491390731898167,0.005954200122843503,0.08562171833589666,626
13,sub-015,OY,0.02394533613185594,0.005816735306129754,0.057154298082869516,110
14,sub-015,AW,0.05579027731594507,0.005283671065336925,0.07953025568443688,264
15,sub-015,Y,0.01564063000955831,0.003104865338035483,0.11760028726787727,190
16,sub-015,L,0.05506990696227956,0.004097772651238384,0.08477952814267468,1392
17,sub-015,R,0.02922110985443778,0.004919442330211824,0.10050827274128243,1133
18,sub-015,W,0.048756921063971594,0.004837364042624449,0.11528410309548283,946
19,sub-015,B,0.026481093786810288,0.0014460358213638014,0.08342835410026078,725
20,sub-015,D,0.04264890206192522,0.0009534943346348497,0.054783281069775806,1761
21,sub-015,F,0.039332078465704544,0.0011349246706897785,0.0850352697411521,715
22,sub-015,HH,0.026820985853012912,0.0019788905816356724,0.05577150004720098,1070
23,sub-015,K,0.03343621691448111,0.0018068999691906232,0.07039753173020015,931
24,sub-015,M,0.03496845072540484,0.0022700018183277916,0.07514620227175837,952
25,sub-015,N,0.041153651951136204,0.0016651367025733756,0.06960200402678278,2373
26,sub-015,P,0.04197320432261509,0.0010814952595225788,0.07317871602082128,455
27,sub-015,S,0.052491955787119814,0.001203175727516339,0.089617974278109,1278
28,sub-015,T,0.04516555548985852,0.0015083247821953212,0.07712549259662313,2432
29,sub-015,V,0.017379010679615083,0.001800021258308774,0.05318383838383839,500
30,sub-015,Z,0.061277426474351325,0.0012825042522608323,0.0513880372385215,944
31,sub-015,DH,0.025637138367226992,0.001417672660096568,0.08007740691634159,1577
32,sub-015,NG,0.03621594709375054,0.002139221148471459,0.08201650623827951,382
33,sub-015,G,0.05051030669036891,0.0019330010528804966,0.10126103171965585,295
34,sub-015,SH,0.024630620583586876,0.003026548816605948,0.06900716213738914,279
35,sub-015,CH,0.03314680283349168,0.0017414162722957835,0.049105728292572516,118
36,sub-015,TH,0.01986602785427407,0.000977765531276409,0.07807345160286337,210
37,sub-015,ZH,0.0027384923150323114,0.002787920316060384,0.10024999999999999,5
38,sub-015,JH,0.011562951546609657,0.00227178868038509,0.07192611023805368,83
0,sub-016,IY,0.08570984770277024,0.003489085941800727,0.0716426874336437,1349
1,sub-016,OW,0.027711116708142813,0.0043541044042321895,0.07542279704553181,607
2,sub-016,AE,0.06695032041407063,0.006931779914101594,0.08205709516098753,721
3,sub-016,AA,0.028760959014594183,0.005679000119180113,0.06051876764022296,445
4,sub-016,EH,0.03576422574303381,0.006138875847706132,0.0813697448883545,963
5,sub-016,ER,0.05610054607883749,0.004988506932666679,0.08705811770971346,752
6,sub-016,IH,0.06483023024107983,0.003940573912407193,0.08274110856463797,1870
7,sub-016,UH,0.022466517522108133,0.004253789146951239,0.07313111245477143,227
8,sub-016,AH,0.08451239369092217,0.0049274698832071015,0.07982897631324444,3655
9,sub-016,AO,0.05184647845176492,0.004308807680753006,0.07683076391587858,581
10,sub-016,UW,0.04599327534036849,0.0017324031971243884,0.07266879366508079,404
11,sub-016,EY,0.04027595354783446,0.0034973143939532408,0.07274070303102899,517
12,sub-016,AY,0.05613961014744614,0.005954200122843503,0.08562171833589666,626
13,sub-016,OY,0.03950512655828116,0.005816735306129754,0.057154298082869516,110
14,sub-016,AW,0.0449944322839579,0.005283671065336925,0.07953025568443688,264
15,sub-016,Y,0.02605251369558701,0.003104865338035483,0.11760028726787727,190
16,sub-016,L,0.054041140505254104,0.004097772651238384,0.08477952814267468,1392
17,sub-016,R,0.048052493177433854,0.004919442330211824,0.10050827274128243,1133
18,sub-016,W,0.041582522256787685,0.004837364042624449,0.11528410309548283,946
19,sub-016,B,0.0424952029283189,0.0014460358213638014,0.08342835410026078,725
20,sub-016,D,0.05202246953335034,0.0009534943346348497,0.054783281069775806,1761
21,sub-016,F,0.054401311171653303,0.0011349246706897785,0.0850352697411521,715
22,sub-016,HH,0.04838983208601097,0.0019788905816356724,0.05577150004720098,1070
23,sub-016,K,0.08094078754676731,0.0018068999691906232,0.07039753173020015,931
24,sub-016,M,0.03538308277937992,0.0022700018183277916,0.07514620227175837,952
25,sub-016,N,0.03933307102911422,0.0016651367025733756,0.06960200402678278,2373
26,sub-016,P,0.05306381375013761,0.0010814952595225788,0.07317871602082128,455
27,sub-016,S,0.09551686871483964,0.001203175727516339,0.089617974278109,1278
28,sub-016,T,0.1201756594327964,0.0015083247821953212,0.07712549259662313,2432
29,sub-016,V,0.03799661171277361,0.001800021258308774,0.05318383838383839,500
30,sub-016,Z,0.04567752737395011,0.0012825042522608323,0.0513880372385215,944
31,sub-016,DH,0.05091373294417717,0.001417672660096568,0.08007740691634159,1577
32,sub-016,NG,0.05030782981956732,0.002139221148471459,0.08201650623827951,382
33,sub-016,G,0.03462648991729212,0.0019330010528804966,0.10126103171965585,295
34,sub-016,SH,0.036141053642324235,0.003026548816605948,0.06900716213738914,279
35,sub-016,CH,0.041059226400372136,0.0017414162722957835,0.049105728292572516,118
36,sub-016,TH,0.01806562793480594,0.000977765531276409,0.07807345160286337,210
37,sub-016,ZH,0.0023315295033326565,0.002787920316060384,0.10024999999999999,5
38,sub-016,JH,0.01956955102270501,0.00227178868038509,0.07192611023805368,83
0,sub-017,IY,0.08463257107197997,0.003489085941800727,0.0716426874336437,1349
1,sub-017,OW,0.03762501570296654,0.0043541044042321895,0.07542279704553181,607
2,sub-017,AE,0.036848756979681985,0.006931779914101594,0.08205709516098753,721
3,sub-017,AA,0.05189674185161818,0.005679000119180113,0.06051876764022296,445
4,sub-017,EH,0.03833480316963625,0.006138875847706132,0.0813697448883545,963
5,sub-017,ER,0.06516630590841216,0.004988506932666679,0.08705811770971346,752
6,sub-017,IH,0.08619227910251809,0.003940573912407193,0.08274110856463797,1870
7,sub-017,UH,0.018834534987362334,0.004253789146951239,0.07313111245477143,227
8,sub-017,AH,0.12725165920803386,0.0049274698832071015,0.07982897631324444,3655
9,sub-017,AO,0.04057477622305396,0.004308807680753006,0.07683076391587858,581
10,sub-017,UW,0.029216273230866865,0.0017324031971243884,0.07266879366508079,404
11,sub-017,EY,0.05330987180829944,0.0034973143939532408,0.07274070303102899,517
12,sub-017,AY,0.04429363753768556,0.005954200122843503,0.08562171833589666,626
13,sub-017,OY,0.025348677927653173,0.005816735306129754,0.057154298082869516,110
14,sub-017,AW,0.04180349032090802,0.005283671065336925,0.07953025568443688,264
15,sub-017,Y,0.011168756810172598,0.003104865338035483,0.11760028726787727,190
16,sub-017,L,0.09617757027237549,0.004097772651238384,0.08477952814267468,1392
17,sub-017,R,0.0411458874243487,0.004919442330211824,0.10050827274128243,1133
18,sub-017,W,0.06757790268273363,0.004837364042624449,0.11528410309548283,946
19,sub-017,B,0.04822556558949477,0.0014460358213638014,0.08342835410026078,725
20,sub-017,D,0.052575299685080575,0.0009534943346348497,0.054783281069775806,1761
21,sub-017,F,0.05362753983372215,0.0011349246706897785,0.0850352697411521,715
22,sub-017,HH,0.06470823356658958,0.0019788905816356724,0.05577150004720098,1070
23,sub-017,K,0.055577997812292376,0.0018068999691906232,0.07039753173020015,931
24,sub-017,M,0.03664809023060997,0.0022700018183277916,0.07514620227175837,952
25,sub-017,N,0.10499266477307077,0.0016651367025733756,0.06960200402678278,2373
26,sub-017,P,0.056974410077055934,0.0010814952595225788,0.07317871602082128,455
27,sub-017,S,0.11410749289133244,0.001203175727516339,0.089617974278109,1278
28,sub-017,T,0.1640889257229978,0.0015083247821953212,0.07712549259662313,2432
29,sub-017,V,0.01988077183592603,0.001800021258308774,0.05318383838383839,500
30,sub-017,Z,0.061436176222415095,0.0012825042522608323,0.0513880372385215,944
31,sub-017,DH,0.05972017734213723,0.001417672660096568,0.08007740691634159,1577
32,sub-017,NG,0.05550993241067457,0.002139221148471459,0.08201650623827951,382
33,sub-017,G,0.034340427022945236,0.0019330010528804966,0.10126103171965585,295
34,sub-017,SH,0.03518180918015109,0.003026548816605948,0.06900716213738914,279
35,sub-017,CH,0.026148252637661164,0.0017414162722957835,0.049105728292572516,118
36,sub-017,TH,0.029812055610995324,0.000977765531276409,0.07807345160286337,210
37,sub-017,ZH,0.0023307438709289858,0.002787920316060384,0.10024999999999999,5
38,sub-017,JH,0.0181547764120571,0.00227178868038509,0.07192611023805368,83
0,sub-018,IY,0.05382586737642207,0.003489085941800727,0.0716426874336437,1349
1,sub-018,OW,0.04157692456864252,0.0043541044042321895,0.07542279704553181,607
2,sub-018,AE,0.05126470008676946,0.006931779914101594,0.08205709516098753,721
3,sub-018,AA,0.047580845710253734,0.005679000119180113,0.06051876764022296,445
4,sub-018,EH,0.041412740875836046,0.006138875847706132,0.0813697448883545,963
5,sub-018,ER,0.04336809857445395,0.004988506932666679,0.08705811770971346,752
6,sub-018,IH,0.07186840743250623,0.003940573912407193,0.08274110856463797,1870
7,sub-018,UH,0.017763789249023103,0.004253789146951239,0.07313111245477143,227
8,sub-018,AH,0.09626560291862214,0.0049274698832071015,0.07982897631324444,3655
9,sub-018,AO,0.05065377574808962,0.004308807680753006,0.07683076391587858,581
10,sub-018,UW,0.039085015067196256,0.0017324031971243884,0.07266879366508079,404
11,sub-018,EY,0.03755274785817159,0.0034973143939532408,0.07274070303102899,517
12,sub-018,AY,0.041024896907697304,0.005954200122843503,0.08562171833589666,626
13,sub-018,OY,0.024879966463638492,0.005816735306129754,0.057154298082869516,110
14,sub-018,AW,0.04579406337511697,0.005283671065336925,0.07953025568443688,264
15,sub-018,Y,0.025697997882435902,0.003104865338035483,0.11760028726787727,190
16,sub-018,L,0.0637090218154839,0.004097772651238384,0.08477952814267468,1392
17,sub-018,R,0.03101259740184534,0.004919442330211824,0.10050827274128243,1133
18,sub-018,W,0.06422713609827778,0.004837364042624449,0.11528410309548283,946
19,sub-018,B,0.05607603289009889,0.0014460358213638014,0.08342835410026078,725
20,sub-018,D,0.06098368988587637,0.0009534943346348497,0.054783281069775806,1761
21,sub-018,F,0.035375736895405775,0.0011349246706897785,0.0850352697411521,715
22,sub-018,HH,0.03664029786342922,0.0019788905816356724,0.05577150004720098,1070
23,sub-018,K,0.08036914885331774,0.0018068999691906232,0.07039753173020015,931
24,sub-018,M,0.036190589285310944,0.0022700018183277916,0.07514620227175837,952
25,sub-018,N,0.048881379664276976,0.0016651367025733756,0.06960200402678278,2373
26,sub-018,P,0.04291211690007689,0.0010814952595225788,0.07317871602082128,455
27,sub-018,S,0.06762815017878075,0.001203175727516339,0.089617974278109,1278
28,sub-018,T,0.09975419977314143,0.0015083247821953212,0.07712549259662313,2432
29,sub-018,V,0.02194210824891675,0.001800021258308774,0.05318383838383839,500
30,sub-018,Z,0.06098236577896874,0.0012825042522608323,0.0513880372385215,944
31,sub-018,DH,0.06320930954024134,0.001417672660096568,0.08007740691634159,1577
32,sub-018,NG,0.03199230888551803,0.002139221148471459,0.08201650623827951,382
33,sub-018,G,0.02679486438133776,0.0019330010528804966,0.10126103171965585,295
34,sub-018,SH,0.03937789684366755,0.003026548816605948,0.06900716213738914,279
35,sub-018,CH,0.042025059455317613,0.0017414162722957835,0.049105728292572516,118
36,sub-018,TH,0.01938162837382691,0.000977765531276409,0.07807345160286337,210
37,sub-018,ZH,0.002104250392382479,0.002787920316060384,0.10024999999999999,5
38,sub-018,JH,0.01737941549812632,0.00227178868038509,0.07192611023805368,83
0,sub-019,IY,0.09060824532383462,0.003489085941800727,0.0716426874336437,1349
1,sub-019,OW,0.039782492901774255,0.0043541044042321895,0.07542279704553181,607
2,sub-019,AE,0.045981820113252005,0.006931779914101594,0.08205709516098753,721
3,sub-019,AA,0.04218451096213001,0.005679000119180113,0.06051876764022296,445
4,sub-019,EH,0.03570760736996128,0.006138875847706132,0.0813697448883545,963
5,sub-019,ER,0.06707359450286104,0.004988506932666679,0.08705811770971346,752
6,sub-019,IH,0.05729146857112074,0.003940573912407193,0.08274110856463797,1870
7,sub-019,UH,0.020731795893474292,0.004253789146951239,0.07313111245477143,227
8,sub-019,AH,0.09299242630314754,0.0049274698832071015,0.07982897631324444,3655
9,sub-019,AO,0.045403572699703285,0.004308807680753006,0.07683076391587858,581
10,sub-019,UW,0.027114308306794347,0.0017324031971243884,0.07266879366508079,404
11,sub-019,EY,0.027335655391127624,0.0034973143939532408,0.07274070303102899,517
12,sub-019,AY,0.05843575392840949,0.005954200122843503,0.08562171833589666,626
13,sub-019,OY,0.021881543169680044,0.005816735306129754,0.057154298082869516,110
14,sub-019,AW,0.04757955667514379,0.005283671065336925,0.07953025568443688,264
15,sub-019,Y,0.022462179530709687,0.003104865338035483,0.11760028726787727,190
16,sub-019,L,0.06808063083662286,0.004097772651238384,0.08477952814267468,1392
17,sub-019,R,0.04501943148697573,0.004919442330211824,0.10050827274128243,1133
18,sub-019,W,0.06626909932044658,0.004837364042624449,0.11528410309548283,946
19,sub-019,B,0.04447094117420511,0.0014460358213638014,0.08342835410026078,725
20,sub-019,D,0.05282436257309181,0.0009534943346348497,0.054783281069775806,1761
21,sub-019,F,0.05995312949280099,0.0011349246706897785,0.0850352697411521,715
22,sub-019,HH,0.05148097475010486,0.0019788905816356724,0.05577150004720098,1070
23,sub-019,K,0.07180419707737154,0.0018068999691906232,0.07039753173020015,931
24,sub-019,M,0.04253341389859103,0.0022700018183277916,0.07514620227175837,952
25,sub-019,N,0.07852726356142992,0.0016651367025733756,0.06960200402678278,2373
26,sub-019,P,0.05640181863829938,0.0010814952595225788,0.07317871602082128,455
27,sub-019,S,0.11310555357470227,0.001203175727516339,0.089617974278109,1278
28,sub-019,T,0.12483865852287306,0.0015083247821953212,0.07712549259662313,2432
29,sub-019,V,0.024082560398203653,0.001800021258308774,0.05318383838383839,500
30,sub-019,Z,0.0638639645819279,0.0012825042522608323,0.0513880372385215,944
31,sub-019,DH,0.051861410062930394,0.001417672660096568,0.08007740691634159,1577
32,sub-019,NG,0.030815504745011307,0.002139221148471459,0.08201650623827951,382
33,sub-019,G,0.024791502031531232,0.0019330010528804966,0.10126103171965585,295
34,sub-019,SH,0.03203599894583844,0.003026548816605948,0.06900716213738914,279
35,sub-019,CH,0.024946577523281378,0.0017414162722957835,0.049105728292572516,118
36,sub-019,TH,0.028477141629534387,0.000977765531276409,0.07807345160286337,210
37,sub-019,ZH,0.0020362871473922667,0.002787920316060384,0.10024999999999999,5
38,sub-019,JH,0.012074743208799027,0.00227178868038509,0.07192611023805368,83
