"","X","subject","phoneme","weight","amplitude_var","phase_var","occurrences","correlation","weight_sim"
"1",0,1,"IY",0.0113615042548093,0.00123786941126436,0.0659998099256809,1349,0.000528546014555276,0.153405298030633
"2",1,1,"OW",0.0112094750842092,0.00120393808365015,0.0707050797454422,607,0.000528546014555276,-0.487554844244437
"3",2,1,"AE",0.00615921933264255,0.00181860956498639,0.0965472261887681,721,0.000528546014555276,-0.323954645518609
"4",3,1,"AA",0.00713778809218939,0.00134767007337779,0.0667143395019264,445,0.000528546014555276,-0.582729822091714
"5",4,1,"EH",0.00618638666417654,0.00181553905650815,0.0714655567035739,963,0.000528546014555276,-0.0598818310822712
"6",5,1,"ER",0.00570007653353035,0.00113555979210289,0.075639771805552,752,0.000528546014555276,-0.392809815467722
"7",6,1,"IH",0.00739361673599293,0.0014827714721394,0.0867145403615992,1870,0.000528546014555276,0.591622598105861
"8",7,1,"UH",0.00345869192512867,0.0010863614740065,0.0587457890645245,227,0.000528546014555276,-0.80185699967537
"9",8,1,"AH",0.009977586793594,0.00136754871680927,0.0807211757690554,3655,0.000528546014555276,2.07823412283239
"10",9,1,"AO",0.00743782660455814,0.00118668190747364,0.0825443974713865,581,0.000528546014555276,-0.542241842872902
"11",10,1,"UW",0.00716284268469717,0.000400953986541076,0.0777486269035067,404,0.000528546014555276,-0.847213000551652
"12",11,1,"EY",0.00883329879019515,0.00138742584333512,0.0705445874741546,517,0.000528546014555276,-0.523288667201542
"13",12,1,"AY",0.00640490760090156,0.00165481732553812,0.104103788480248,626,0.000528546014555276,-0.457337475423161
"14",13,1,"OY",0.00546788772768592,0.00131532865205995,0.0759958427815571,110,0.000528546014555276,-0.893406628046901
"15",14,1,"AW",0.00709303677814106,0.00107779344658308,0.0891044382769122,264,0.000528546014555276,-0.847523531438216
"16",15,1,"Y",0.00355039223145469,0.000935986158943444,0.0892936288088643,190,0.000528546014555276,-0.940423631021559
"17",16,1,"L",0.00965230214302594,0.000786110998691261,0.081077346743295,1392,0.000528546014555276,0.0554592974172376
"18",17,1,"R",0.00661046644162942,0.000993281857759541,0.0871358522814834,1133,0.000528546014555276,-0.132220148005313
"19",18,1,"W",0.00873398442814554,0.000919283271384285,0.0908071430362082,946,0.000528546014555276,-0.313910816160426
"20",19,1,"B",0.00701392507030873,0.000403625175120417,0.0911795856273544,725,0.000528546014555276,-0.610631372438913
"21",20,1,"D",0.012421449412574,0.000341282883644099,0.0512883829440841,1761,0.000528546014555276,0.34293488705586
"22",21,1,"F",0.0044108790839889,0.000292244217722313,0.0708181578769814,715,0.000528546014555276,-0.592684778663728
"23",22,1,"HH",0.00441428330263158,0.000684288372967306,0.0639679505333711,1070,0.000528546014555276,-0.194141846380918
"24",23,1,"K",0.00971394282542692,0.000461956167797811,0.0588740437098577,931,0.000528546014555276,-0.345770076060246
"25",24,1,"M",0.00788906011831626,0.000550208846986773,0.0864963795975907,952,0.000528546014555276,-0.377353409872746
"26",25,1,"N",0.0103821732247692,0.00057602868506816,0.0740142743429722,2373,0.000528546014555276,0.850310511203752
"27",26,1,"P",0.0063713646835881,0.000305570632967636,0.0681395797185271,455,0.000528546014555276,-0.801206346288264
"28",27,1,"S",0.00819975531042597,0.000948525612409763,0.0790466853234765,1278,0.000528546014555276,-0.00030141102295534
"29",28,1,"T",0.0106866702977943,0.000466818955681696,0.0793627160005276,2432,0.000528546014555276,0.863182578429764
"30",29,1,"V",0.00404884742116128,0.000469294606457141,0.0677070707070707,500,0.000528546014555276,-0.727322436754319
"31",30,1,"Z",0.00787716890041735,0.00073303591417808,0.0781659665663903,944,0.000528546014555276,-0.324337368210331
"32",31,1,"DH",0.00765858913312592,0.000347551508749001,0.0830093900322182,1577,0.000528546014555276,0.111804630157246
"33",32,1,"NG",0.00486922605190888,0.000873032155809849,0.072608975679201,382,0.000528546014555276,-0.751808100124669
"34",33,1,"G",0.00591781091353748,0.000656145512334235,0.120695690705661,295,0.000528546014555276,-0.989792206414509
"35",34,1,"SH",0.00595916374745933,0.00142886829463055,0.0621017184253231,279,0.000528546014555276,-0.693127549482405
"36",35,1,"CH",0.00388284863424455,0.000752329674439643,0.0553734770744456,118,0.000528546014555276,-0.956517999633935
"37",36,1,"TH",0.00338781080584624,0.000385290311645358,0.0890994916485112,210,0.000528546014555276,-1.04120422416923
"38",37,1,"ZH",0.000594503393531536,0.000871052700346704,0.12175,5,0.000528546014555276,-1.18946563812319
"39",38,1,"JH",0.00336885946419674,0.000975818317960424,0.0738917367191333,83,0.000528546014555276,-0.983620493290373
"40",0,2,"IY",0.0131617903941949,0.00123786941126436,0.0659998099256809,1349,0.0285230381233193,0.339023914445192
"41",1,2,"OW",0.0106677784475288,0.00120393808365015,0.0707050797454422,607,0.0285230381233193,-0.301936227829878
"42",2,2,"AE",0.0109822484035932,0.00181860956498639,0.0965472261887681,721,0.0285230381233193,-0.13833602910405
"43",3,2,"AA",0.00888844205940151,0.00134767007337779,0.0667143395019264,445,0.0285230381233193,-0.397111205677155
"44",4,2,"EH",0.00666169639047289,0.00181553905650815,0.0714655567035739,963,0.0285230381233193,0.125736785332288
"45",5,2,"ER",0.00630776239174677,0.00113555979210289,0.075639771805552,752,0.0285230381233193,-0.207191199053163
"46",6,2,"IH",0.0116808866705795,0.0014827714721394,0.0867145403615992,1870,0.0285230381233193,0.77724121452042
"47",7,2,"UH",0.0029852185871067,0.0010863614740065,0.0587457890645245,227,0.0285230381233193,-0.616238383260811
"48",8,2,"AH",0.0157691686946299,0.00136754871680927,0.0807211757690554,3655,0.0285230381233193,2.26385273924695
"49",9,2,"AO",0.0110807974537147,0.00118668190747364,0.0825443974713865,581,0.0285230381233193,-0.356623226458342
"50",10,2,"UW",0.00686918660040725,0.000400953986541076,0.0777486269035067,404,0.0285230381233193,-0.661594384137093
"51",11,2,"EY",0.00575425522476861,0.00138742584333512,0.0705445874741546,517,0.0285230381233193,-0.337670050786983
"52",12,2,"AY",0.0113550496062132,0.00165481732553812,0.104103788480248,626,0.0285230381233193,-0.271718859008602
"53",13,2,"OY",0.00403914455539675,0.00131532865205995,0.0759958427815571,110,0.0285230381233193,-0.707788011632342
"54",14,2,"AW",0.0117195998849798,0.00107779344658308,0.0891044382769122,264,0.0285230381233193,-0.661904915023656
"55",15,2,"Y",0.00520102497068204,0.000935986158943444,0.0892936288088643,190,0.0285230381233193,-0.754805014607
"56",16,2,"L",0.0131050787106013,0.000786110998691261,0.081077346743295,1392,0.0285230381233193,0.241077913831797
"57",17,2,"R",0.00595631463847097,0.000993281857759541,0.0871358522814834,1133,0.0285230381233193,0.0533984684092467
"58",18,2,"W",0.00896571580325595,0.000919283271384285,0.0908071430362082,946,0.0285230381233193,-0.128292199745867
"59",19,2,"B",0.00723744595427603,0.000403625175120417,0.0911795856273544,725,0.0285230381233193,-0.425012756024354
"60",20,2,"D",0.00773391756434442,0.000341282883644099,0.0512883829440841,1761,0.0285230381233193,0.528553503470419
"61",21,2,"F",0.00791456733411906,0.000292244217722313,0.0708181578769814,715,0.0285230381233193,-0.407066162249168
"62",22,2,"HH",0.00720367292453019,0.000684288372967306,0.0639679505333711,1070,0.0285230381233193,-0.00852322996635898
"63",23,2,"K",0.00857928747915389,0.000461956167797811,0.0588740437098577,931,0.0285230381233193,-0.160151459645686
"64",24,2,"M",0.0116825854574867,0.000550208846986773,0.0864963795975907,952,0.0285230381233193,-0.191734793458187
"65",25,2,"N",0.00993269627854539,0.00057602868506816,0.0740142743429722,2373,0.0285230381233193,1.03592912761831
"66",26,2,"P",0.00867053350671899,0.000305570632967636,0.0681395797185271,455,0.0285230381233193,-0.615587729873705
"67",27,2,"S",0.0110881749464154,0.000948525612409763,0.0790466853234765,1278,0.0285230381233193,0.185317205391604
"68",28,2,"T",0.0169807535204754,0.000466818955681696,0.0793627160005276,2432,0.0285230381233193,1.04880119484432
"69",29,2,"V",0.00489893069335034,0.000469294606457141,0.0677070707070707,500,0.0285230381233193,-0.54170382033976
"70",30,2,"Z",0.00759501218732949,0.00073303591417808,0.0781659665663903,944,0.0285230381233193,-0.138718751795772
"71",31,2,"DH",0.00784918026345612,0.000347551508749001,0.0830093900322182,1577,0.0285230381233193,0.297423246571806
"72",32,2,"NG",0.00590295926240419,0.000873032155809849,0.072608975679201,382,0.0285230381233193,-0.56618948371011
"73",33,2,"G",0.00498817201771829,0.000656145512334235,0.120695690705661,295,0.0285230381233193,-0.804173589999949
"74",34,2,"SH",0.00719197768783346,0.00142886829463055,0.0621017184253231,279,0.0285230381233193,-0.507508933067846
"75",35,2,"CH",0.00464617656449549,0.000752329674439643,0.0553734770744456,118,0.0285230381233193,-0.770899383219375
"76",36,2,"TH",0.00441129071980794,0.000385290311645358,0.0890994916485112,210,0.0285230381233193,-0.855585607754675
"77",37,2,"ZH",0.000374299890989611,0.000871052700346704,0.12175,5,0.0285230381233193,-1.00384702170863
"78",38,2,"JH",0.00274479470111045,0.000975818317960424,0.0738917367191333,83,0.0285230381233193,-0.798001876875813
"79",0,3,"IY",0.0142452058374626,0.00123786941126436,0.0659998099256809,1349,0.0360978050772774,0.236382275136829
"80",1,3,"OW",0.00603525108913698,0.00120393808365015,0.0707050797454422,607,0.0360978050772774,-0.404577867138241
"81",2,3,"AE",0.00930029998393559,0.00181860956498639,0.0965472261887681,721,0.0360978050772774,-0.240977668412413
"82",3,3,"AA",0.00730454750913637,0.00134767007337779,0.0667143395019264,445,0.0360978050772774,-0.499752844985518
"83",4,3,"EH",0.00525259521238015,0.00181553905650815,0.0714655567035739,963,0.0360978050772774,0.0230951460239252
"84",5,3,"ER",0.00967966254699795,0.00113555979210289,0.075639771805552,752,0.0360978050772774,-0.309832838361526
"85",6,3,"IH",0.00729314974331146,0.0014827714721394,0.0867145403615992,1870,0.0360978050772774,0.674599575212057
"86",7,3,"UH",0.00256792293873378,0.0010863614740065,0.0587457890645245,227,0.0360978050772774,-0.718880022569174
"87",8,3,"AH",0.0175018135644765,0.00136754871680927,0.0807211757690554,3655,0.0360978050772774,2.16121109993858
"88",9,3,"AO",0.0113025605226439,0.00118668190747364,0.0825443974713865,581,0.0360978050772774,-0.459264865766705
"89",10,3,"UW",0.00466247502528596,0.000400953986541076,0.0777486269035067,404,0.0360978050772774,-0.764236023445456
"90",11,3,"EY",0.00525909430212843,0.00138742584333512,0.0705445874741546,517,0.0360978050772774,-0.440311690095346
"91",12,3,"AY",0.00890774019280652,0.00165481732553812,0.104103788480248,626,0.0360978050772774,-0.374360498316965
"92",13,3,"OY",0.00418304614021692,0.00131532865205995,0.0759958427815571,110,0.0360978050772774,-0.810429650940705
"93",14,3,"AW",0.00967981262903828,0.00107779344658308,0.0891044382769122,264,0.0360978050772774,-0.764546554332019
"94",15,3,"Y",0.00344122235703352,0.000935986158943444,0.0892936288088643,190,0.0360978050772774,-0.857446653915363
"95",16,3,"L",0.00770618158819034,0.000786110998691261,0.081077346743295,1392,0.0360978050772774,0.138436274523434
"96",17,3,"R",0.00592379367647197,0.000993281857759541,0.0871358522814834,1133,0.0360978050772774,-0.0492431708991163
"97",18,3,"W",0.00990492755620668,0.000919283271384285,0.0908071430362082,946,0.0360978050772774,-0.23093383905423
"98",19,3,"B",0.00716956040779973,0.000403625175120417,0.0911795856273544,725,0.0360978050772774,-0.527654395332717
"99",20,3,"D",0.0108791653905175,0.000341282883644099,0.0512883829440841,1761,0.0360978050772774,0.425911864162056
"100",21,3,"F",0.00751070130728003,0.000292244217722313,0.0708181578769814,715,0.0360978050772774,-0.509707801557531
"101",22,3,"HH",0.00888117615267926,0.000684288372967306,0.0639679505333711,1070,0.0360978050772774,-0.111164869274722
"102",23,3,"K",0.00923611714293402,0.000461956167797811,0.0588740437098577,931,0.0360978050772774,-0.262793098954049
"103",24,3,"M",0.00628793372527162,0.000550208846986773,0.0864963795975907,952,0.0360978050772774,-0.29437643276655
"104",25,3,"N",0.0126685414469541,0.00057602868506816,0.0740142743429722,2373,0.0360978050772774,0.933287488309948
"105",26,3,"P",0.00548044420570095,0.000305570632967636,0.0681395797185271,455,0.0360978050772774,-0.718229369182068
"106",27,3,"S",0.00613542303954769,0.000948525612409763,0.0790466853234765,1278,0.0360978050772774,0.0826755660832411
"107",28,3,"T",0.0194412070346548,0.000466818955681696,0.0793627160005276,2432,0.0360978050772774,0.94615955553596
"108",29,3,"V",0.00480743184385562,0.000469294606457141,0.0677070707070707,500,0.0360978050772774,-0.644345459648123
"109",30,3,"Z",0.0112099961901028,0.00073303591417808,0.0781659665663903,944,0.0360978050772774,-0.241360391104135
"110",31,3,"DH",0.00938613584924002,0.000347551508749001,0.0830093900322182,1577,0.0360978050772774,0.194781607263443
"111",32,3,"NG",0.00561654132814075,0.000873032155809849,0.072608975679201,382,0.0360978050772774,-0.668831123018473
"112",33,3,"G",0.00383013366846518,0.000656145512334235,0.120695690705661,295,0.0360978050772774,-0.906815229308312
"113",34,3,"SH",0.00962812879314451,0.00142886829463055,0.0621017184253231,279,0.0360978050772774,-0.610150572376209
"114",35,3,"CH",0.00306447783773126,0.000752329674439643,0.0553734770744456,118,0.0360978050772774,-0.873541022527738
"115",36,3,"TH",0.00342689280044328,0.000385290311645358,0.0890994916485112,210,0.0360978050772774,-0.958227247063038
"116",37,3,"ZH",0.000352128995357816,0.000871052700346704,0.12175,5,0.0360978050772774,-1.10648866101699
"117",38,3,"JH",0.00259488598589323,0.000975818317960424,0.0738917367191333,83,0.0360978050772774,-0.900643516184176
"118",0,4,"IY",0.0165742831539549,0.00123786941126436,0.0659998099256809,1349,0.0674449840423909,0.800024606187222
"119",1,4,"OW",0.0122722814163967,0.00120393808365015,0.0707050797454422,607,0.0674449840423909,0.159064463912152
"120",2,4,"AE",0.00922220084891247,0.00181860956498639,0.0965472261887681,721,0.0674449840423909,0.32266466263798
"121",3,4,"AA",0.00966125806115572,0.00134767007337779,0.0667143395019264,445,0.0674449840423909,0.0638894860648754
"122",4,4,"EH",0.00929009058942983,0.00181553905650815,0.0714655567035739,963,0.0674449840423909,0.586737477074318
"123",5,4,"ER",0.0134171295128277,0.00113555979210289,0.075639771805552,752,0.0674449840423909,0.253809492688868
"124",6,4,"IH",0.012089378430216,0.0014827714721394,0.0867145403615992,1870,0.0674449840423909,1.23824190626245
"125",7,4,"UH",0.00518772022497502,0.0010863614740065,0.0587457890645245,227,0.0674449840423909,-0.155237691518781
"126",8,4,"AH",0.0302388260729666,0.00136754871680927,0.0807211757690554,3655,0.0674449840423909,2.72485343098898
"127",9,4,"AO",0.0112609029766149,0.00118668190747364,0.0825443974713865,581,0.0674449840423909,0.104377465283688
"128",10,4,"UW",0.00785626676964526,0.000400953986541076,0.0777486269035067,404,0.0674449840423909,-0.200593692395062
"129",11,4,"EY",0.0100353262534164,0.00138742584333512,0.0705445874741546,517,0.0674449840423909,0.123330640955047
"130",12,4,"AY",0.0158710319598707,0.00165481732553812,0.104103788480248,626,0.0674449840423909,0.189281832733428
"131",13,4,"OY",0.00709418192399163,0.00131532865205995,0.0759958427815571,110,0.0674449840423909,-0.246787319890311
"132",14,4,"AW",0.00865373707771731,0.00107779344658308,0.0891044382769122,264,0.0674449840423909,-0.200904223281626
"133",15,4,"Y",0.00456137552757785,0.000935986158943444,0.0892936288088643,190,0.0674449840423909,-0.293804322864969
"134",16,4,"L",0.0170718225434415,0.000786110998691261,0.081077346743295,1392,0.0674449840423909,0.702078605573827
"135",17,4,"R",0.00899011398208403,0.000993281857759541,0.0871358522814834,1133,0.0674449840423909,0.514399160151277
"136",18,4,"W",0.0187923238567563,0.000919283271384285,0.0908071430362082,946,0.0674449840423909,0.332708491996164
"137",19,4,"B",0.0107703396828175,0.000403625175120417,0.0911795856273544,725,0.0674449840423909,0.0359879357176764
"138",20,4,"D",0.0228036478294818,0.000341282883644099,0.0512883829440841,1761,0.0674449840423909,0.989554195212449
"139",21,4,"F",0.0145936186292469,0.000292244217722313,0.0708181578769814,715,0.0674449840423909,0.0539345294928617
"140",22,4,"HH",0.0116582655600813,0.000684288372967306,0.0639679505333711,1070,0.0674449840423909,0.452477461775671
"141",23,4,"K",0.014461878762733,0.000461956167797811,0.0588740437098577,931,0.0674449840423909,0.300849232096344
"142",24,4,"M",0.00759697790201345,0.000550208846986773,0.0864963795975907,952,0.0674449840423909,0.269265898283844
"143",25,4,"N",0.0108215145670582,0.00057602868506816,0.0740142743429722,2373,0.0674449840423909,1.49692981936034
"144",26,4,"P",0.0136286971150634,0.000305570632967636,0.0681395797185271,455,0.0674449840423909,-0.154587038131675
"145",27,4,"S",0.0133891787886991,0.000948525612409763,0.0790466853234765,1278,0.0674449840423909,0.646317897133634
"146",28,4,"T",0.0252909059139036,0.000466818955681696,0.0793627160005276,2432,0.0674449840423909,1.50980188658635
"147",29,4,"V",0.0062717761584495,0.000469294606457141,0.0677070707070707,500,0.0674449840423909,-0.0807031285977294
"148",30,4,"Z",0.0131642256095167,0.00073303591417808,0.0781659665663903,944,0.0674449840423909,0.322281939946258
"149",31,4,"DH",0.0117563233647946,0.000347551508749001,0.0830093900322182,1577,0.0674449840423909,0.758423938313836
"150",32,4,"NG",0.00689577872208282,0.000873032155809849,0.072608975679201,382,0.0674449840423909,-0.10518879196808
"151",33,4,"G",0.00586795842918454,0.000656145512334235,0.120695690705661,295,0.0674449840423909,-0.343172898257919
"152",34,4,"SH",0.00968607247926232,0.00142886829463055,0.0621017184253231,279,0.0674449840423909,-0.0465082413258153
"153",35,4,"CH",0.00593688265284863,0.000752329674439643,0.0553734770744456,118,0.0674449840423909,-0.309898691477345
"154",36,4,"TH",0.00482594098128702,0.000385290311645358,0.0890994916485112,210,0.0674449840423909,-0.394584916012645
"155",37,4,"ZH",0.000560023533141128,0.000871052700346704,0.12175,5,0.0674449840423909,-0.5428463299666
"156",38,4,"JH",0.00376612784463095,0.000975818317960424,0.0738917367191333,83,0.0674449840423909,-0.337001185133783
"157",0,5,"IY",0.0101416952724425,0.00123786941126436,0.0659998099256809,1349,0.0227160046903206,0.368124836154334
"158",1,5,"OW",0.00757501615325181,0.00120393808365015,0.0707050797454422,607,0.0227160046903206,-0.272835306120736
"159",2,5,"AE",0.00853738273206601,0.00181860956498639,0.0965472261887681,721,0.0227160046903206,-0.109235107394909
"160",3,5,"AA",0.0079923632505812,0.00134767007337779,0.0667143395019264,445,0.0227160046903206,-0.368010283968013
"161",4,5,"EH",0.00695818933535852,0.00181553905650815,0.0714655567035739,963,0.0227160046903206,0.15483770704143
"162",5,5,"ER",0.00948901671157464,0.00113555979210289,0.075639771805552,752,0.0227160046903206,-0.178090277344021
"163",6,5,"IH",0.00810913504647166,0.0014827714721394,0.0867145403615992,1870,0.0227160046903206,0.806342136229562
"164",7,5,"UH",0.00278178035718708,0.0010863614740065,0.0587457890645245,227,0.0227160046903206,-0.587137461551669
"165",8,5,"AH",0.0125931946659997,0.00136754871680927,0.0807211757690554,3655,0.0227160046903206,2.29295366095609
"166",9,5,"AO",0.00612021577944563,0.00118668190747364,0.0825443974713865,581,0.0227160046903206,-0.327522304749201
"167",10,5,"UW",0.00890856720613575,0.000400953986541076,0.0777486269035067,404,0.0227160046903206,-0.632493462427951
"168",11,5,"EY",0.00774594508493138,0.00138742584333512,0.0705445874741546,517,0.0227160046903206,-0.308569129077841
"169",12,5,"AY",0.0118580707184722,0.00165481732553812,0.104103788480248,626,0.0227160046903206,-0.242617937299461
"170",13,5,"OY",0.00337670431260724,0.00131532865205995,0.0759958427815571,110,0.0227160046903206,-0.6786870899232
"171",14,5,"AW",0.00584021941575118,0.00107779344658308,0.0891044382769122,264,0.0227160046903206,-0.632803993314515
"172",15,5,"Y",0.00345249011592958,0.000935986158943444,0.0892936288088643,190,0.0227160046903206,-0.725704092897858
"173",16,5,"L",0.00938443571290823,0.000786110998691261,0.081077346743295,1392,0.0227160046903206,0.270178835540938
"174",17,5,"R",0.00575002444109812,0.000993281857759541,0.0871358522814834,1133,0.0227160046903206,0.0824993901183881
"175",18,5,"W",0.0104091957476349,0.000919283271384285,0.0908071430362082,946,0.0227160046903206,-0.0991912780367252
"176",19,5,"B",0.00681345691031531,0.000403625175120417,0.0911795856273544,725,0.0227160046903206,-0.395911834315212
"177",20,5,"D",0.00985402077693648,0.000341282883644099,0.0512883829440841,1761,0.0227160046903206,0.55765442517956
"178",21,5,"F",0.0063995799833823,0.000292244217722313,0.0708181578769814,715,0.0227160046903206,-0.377965240540027
"179",22,5,"HH",0.00649893650536451,0.000684288372967306,0.0639679505333711,1070,0.0227160046903206,0.0205776917427824
"180",23,5,"K",0.00932437551187712,0.000461956167797811,0.0588740437098577,931,0.0227160046903206,-0.131050537936545
"181",24,5,"M",0.0107064014263544,0.000550208846986773,0.0864963795975907,952,0.0227160046903206,-0.162633871749045
"182",25,5,"N",0.00932902270929571,0.00057602868506816,0.0740142743429722,2373,0.0227160046903206,1.06503004932745
"183",26,5,"P",0.0124880302914885,0.000305570632967636,0.0681395797185271,455,0.0227160046903206,-0.586486808164564
"184",27,5,"S",0.0095825339842645,0.000948525612409763,0.0790466853234765,1278,0.0227160046903206,0.214418127100745
"185",28,5,"T",0.0153278219864398,0.000466818955681696,0.0793627160005276,2432,0.0227160046903206,1.07790211655346
"186",29,5,"V",0.00536662680039874,0.000469294606457141,0.0677070707070707,500,0.0227160046903206,-0.512602898630618
"187",30,5,"Z",0.00866746055655694,0.00073303591417808,0.0781659665663903,944,0.0227160046903206,-0.109617830086631
"188",31,5,"DH",0.00761135586849917,0.000347551508749001,0.0830093900322182,1577,0.0227160046903206,0.326524168280947
"189",32,5,"NG",0.00683490868985045,0.000873032155809849,0.072608975679201,382,0.0227160046903206,-0.537088562000969
"190",33,5,"G",0.00627553409176728,0.000656145512334235,0.120695690705661,295,0.0227160046903206,-0.775072668290808
"191",34,5,"SH",0.00872999924460116,0.00142886829463055,0.0621017184253231,279,0.0227160046903206,-0.478408011358704
"192",35,5,"CH",0.00492736833100221,0.000752329674439643,0.0553734770744456,118,0.0227160046903206,-0.741798461510234
"193",36,5,"TH",0.00340662175810016,0.000385290311645358,0.0890994916485112,210,0.0227160046903206,-0.826484686045534
"194",37,5,"ZH",0.000562501962121015,0.000871052700346704,0.12175,5,0.0227160046903206,-0.974746099999489
"195",38,5,"JH",0.00556953883182306,0.000975818317960424,0.0738917367191333,83,0.0227160046903206,-0.768900955166672
"196",0,6,"IY",0.0108693829063968,0.00123786941126436,0.0659998099256809,1349,0.0352082224262799,0.476468696394888
"197",1,6,"OW",0.0141683980461893,0.00120393808365015,0.0707050797454422,607,0.0352082224262799,-0.164491445880182
"198",2,6,"AE",0.0124622588780848,0.00181860956498639,0.0965472261887681,721,0.0352082224262799,-0.000891247154353998
"199",3,6,"AA",0.00814079501720803,0.00134767007337779,0.0667143395019264,445,0.0352082224262799,-0.259666423727459
"200",4,6,"EH",0.00928240395357745,0.00181553905650815,0.0714655567035739,963,0.0352082224262799,0.263181567281984
"201",5,6,"ER",0.0162795333340671,0.00113555979210289,0.075639771805552,752,0.0352082224262799,-0.0697464171034667
"202",6,6,"IH",0.0112381398047867,0.0014827714721394,0.0867145403615992,1870,0.0352082224262799,0.914685996470116
"203",7,6,"UH",0.00476697608974317,0.0010863614740065,0.0587457890645245,227,0.0352082224262799,-0.478793601311115
"204",8,6,"AH",0.0177775049151685,0.00136754871680927,0.0807211757690554,3655,0.0352082224262799,2.40129752119664
"205",9,6,"AO",0.0135890558239005,0.00118668190747364,0.0825443974713865,581,0.0352082224262799,-0.219178444508646
"206",10,6,"UW",0.00672325962009268,0.000400953986541076,0.0777486269035067,404,0.0352082224262799,-0.524149602187397
"207",11,6,"EY",0.0115202099546594,0.00138742584333512,0.0705445874741546,517,0.0352082224262799,-0.200225268837287
"208",12,6,"AY",0.0087821649168975,0.00165481732553812,0.104103788480248,626,0.0352082224262799,-0.134274077058906
"209",13,6,"OY",0.00621872343996682,0.00131532865205995,0.0759958427815571,110,0.0352082224262799,-0.570343229682646
"210",14,6,"AW",0.00955413024917197,0.00107779344658308,0.0891044382769122,264,0.0352082224262799,-0.52446013307396
"211",15,6,"Y",0.00330004694600359,0.000935986158943444,0.0892936288088643,190,0.0352082224262799,-0.617360232657304
"212",16,6,"L",0.014982527588107,0.000786110998691261,0.081077346743295,1392,0.0352082224262799,0.378522695781493
"213",17,6,"R",0.0061857069895529,0.000993281857759541,0.0871358522814834,1133,0.0352082224262799,0.190843250358943
"214",18,6,"W",0.00884079312902762,0.000919283271384285,0.0908071430362082,946,0.0352082224262799,0.00915258220382942
"215",19,6,"B",0.00923396851349781,0.000403625175120417,0.0911795856273544,725,0.0352082224262799,-0.287567974074658
"216",20,6,"D",0.0102876941655465,0.000341282883644099,0.0512883829440841,1761,0.0352082224262799,0.665998285420115
"217",21,6,"F",0.0120979587175596,0.000292244217722313,0.0708181578769814,715,0.0352082224262799,-0.269621380299472
"218",22,6,"HH",0.00715793549225857,0.000684288372967306,0.0639679505333711,1070,0.0352082224262799,0.128921551983337
"219",23,6,"K",0.00891202274137524,0.000461956167797811,0.0588740437098577,931,0.0352082224262799,-0.0227066776959902
"220",24,6,"M",0.00751219925564312,0.000550208846986773,0.0864963795975907,952,0.0352082224262799,-0.0542900115084905
"221",25,6,"N",0.013995480469549,0.00057602868506816,0.0740142743429722,2373,0.0352082224262799,1.17337390956801
"222",26,6,"P",0.0084021434940624,0.000305570632967636,0.0681395797185271,455,0.0352082224262799,-0.478142947924009
"223",27,6,"S",0.00895774486275785,0.000948525612409763,0.0790466853234765,1278,0.0352082224262799,0.3227619873413
"224",28,6,"T",0.0227994272627606,0.000466818955681696,0.0793627160005276,2432,0.0352082224262799,1.18624597679402
"225",29,6,"V",0.00336543579409699,0.000469294606457141,0.0677070707070707,500,0.0352082224262799,-0.404259038390064
"226",30,6,"Z",0.0153596755444668,0.00073303591417808,0.0781659665663903,944,0.0352082224262799,-0.00127396984607606
"227",31,6,"DH",0.00874008662390453,0.000347551508749001,0.0830093900322182,1577,0.0352082224262799,0.434868028521502
"228",32,6,"NG",0.0103743874489938,0.000873032155809849,0.072608975679201,382,0.0352082224262799,-0.428744701760414
"229",33,6,"G",0.00366445035898959,0.000656145512334235,0.120695690705661,295,0.0352082224262799,-0.666728808050253
"230",34,6,"SH",0.00802459198076161,0.00142886829463055,0.0621017184253231,279,0.0352082224262799,-0.370064151118149
"231",35,6,"CH",0.00509313714973121,0.000752329674439643,0.0553734770744456,118,0.0352082224262799,-0.633454601269679
"232",36,6,"TH",0.00363262881669198,0.000385290311645358,0.0890994916485112,210,0.0352082224262799,-0.718140825804979
"233",37,6,"ZH",0.00066587033972156,0.000871052700346704,0.12175,5,0.0352082224262799,-0.866402239758934
"234",38,6,"JH",0.00304495992978117,0.000975818317960424,0.0738917367191333,83,0.0352082224262799,-0.660557094926117
"235",0,7,"IY",0.0164200475705888,0.00123786941126436,0.0659998099256809,1349,0.0411403706506715,0.412098060298164
"236",1,7,"OW",0.0100722802038518,0.00120393808365015,0.0707050797454422,607,0.0411403706506715,-0.228862081976906
"237",2,7,"AE",0.00957607261328294,0.00181860956498639,0.0965472261887681,721,0.0411403706506715,-0.0652618832510781
"238",3,7,"AA",0.00600780845159557,0.00134767007337779,0.0667143395019264,445,0.0411403706506715,-0.324037059824183
"239",4,7,"EH",0.010836961553142,0.00181553905650815,0.0714655567035739,963,0.0411403706506715,0.19881093118526
"240",5,7,"ER",0.00714930392234887,0.00113555979210289,0.075639771805552,752,0.0411403706506715,-0.134117053200191
"241",6,7,"IH",0.0110289429082786,0.0014827714721394,0.0867145403615992,1870,0.0411403706506715,0.850315360373392
"242",7,7,"UH",0.0033977207508384,0.0010863614740065,0.0587457890645245,227,0.0411403706506715,-0.543164237407839
"243",8,7,"AH",0.0153036662337255,0.00136754871680927,0.0807211757690554,3655,0.0411403706506715,2.33692688509992
"244",9,7,"AO",0.0100458131580132,0.00118668190747364,0.0825443974713865,581,0.0411403706506715,-0.28354908060537
"245",10,7,"UW",0.00383296804719387,0.000400953986541076,0.0777486269035067,404,0.0411403706506715,-0.588520238284121
"246",11,7,"EY",0.0071038485775679,0.00138742584333512,0.0705445874741546,517,0.0411403706506715,-0.264595904934011
"247",12,7,"AY",0.0102932203624546,0.00165481732553812,0.104103788480248,626,0.0411403706506715,-0.19864471315563
"248",13,7,"OY",0.00493649863589064,0.00131532865205995,0.0759958427815571,110,0.0411403706506715,-0.63471386577937
"249",14,7,"AW",0.00782651184881574,0.00107779344658308,0.0891044382769122,264,0.0411403706506715,-0.588830769170684
"250",15,7,"Y",0.0031812164552865,0.000935986158943444,0.0892936288088643,190,0.0411403706506715,-0.681730868754028
"251",16,7,"L",0.0121542537987966,0.000786110998691261,0.081077346743295,1392,0.0411403706506715,0.314152059684769
"252",17,7,"R",0.00616812777221316,0.000993281857759541,0.0871358522814834,1133,0.0411403706506715,0.126472614262219
"253",18,7,"W",0.00876845823988952,0.000919283271384285,0.0908071430362082,946,0.0411403706506715,-0.0552180538928947
"254",19,7,"B",0.00563362918640647,0.000403625175120417,0.0911795856273544,725,0.0411403706506715,-0.351938610171382
"255",20,7,"D",0.0121891566215075,0.000341282883644099,0.0512883829440841,1761,0.0411403706506715,0.601627649323391
"256",21,7,"F",0.00947448558451874,0.000292244217722313,0.0708181578769814,715,0.0411403706506715,-0.333992016396197
"257",22,7,"HH",0.00723903904071367,0.000684288372967306,0.0639679505333711,1070,0.0411403706506715,0.0645509158866129
"258",23,7,"K",0.0124964416192364,0.000461956167797811,0.0588740437098577,931,0.0411403706506715,-0.0870773137927143
"259",24,7,"M",0.00774573984452973,0.000550208846986773,0.0864963795975907,952,0.0411403706506715,-0.118660647605215
"260",25,7,"N",0.0106274331903596,0.00057602868506816,0.0740142743429722,2373,0.0411403706506715,1.10900327347128
"261",26,7,"P",0.0070378617802196,0.000305570632967636,0.0681395797185271,455,0.0411403706506715,-0.542513584020733
"262",27,7,"S",0.0121438454153433,0.000948525612409763,0.0790466853234765,1278,0.0411403706506715,0.258391351244576
"263",28,7,"T",0.0173660627255506,0.000466818955681696,0.0793627160005276,2432,0.0411403706506715,1.1218753406973
"264",29,7,"V",0.00471074408561007,0.000469294606457141,0.0677070707070707,500,0.0411403706506715,-0.468629674486788
"265",30,7,"Z",0.0100480213557794,0.00073303591417808,0.0781659665663903,944,0.0411403706506715,-0.0656446059428002
"266",31,7,"DH",0.0106406837373288,0.000347551508749001,0.0830093900322182,1577,0.0411403706506715,0.370497392424778
"267",32,7,"NG",0.00654610007227289,0.000873032155809849,0.072608975679201,382,0.0411403706506715,-0.493115337857138
"268",33,7,"G",0.00496276415742037,0.000656145512334235,0.120695690705661,295,0.0411403706506715,-0.731099444146977
"269",34,7,"SH",0.00764334097023829,0.00142886829463055,0.0621017184253231,279,0.0411403706506715,-0.434434787214874
"270",35,7,"CH",0.00436513043898532,0.000752329674439643,0.0553734770744456,118,0.0411403706506715,-0.697825237366404
"271",36,7,"TH",0.0042233664746024,0.000385290311645358,0.0890994916485112,210,0.0411403706506715,-0.782511461901703
"272",37,7,"ZH",0.000419139688951065,0.000871052700346704,0.12175,5,0.0411403706506715,-0.930772875855658
"273",38,7,"JH",0.0034449835333282,0.000975818317960424,0.0738917367191333,83,0.0411403706506715,-0.724927731022841
"274",0,8,"IY",0.00976291236851467,0.00123786941126436,0.0659998099256809,1349,0.0261182627730405,0.0164435291260508
"275",1,8,"OW",0.00629361458882804,0.00120393808365015,0.0707050797454422,607,0.0261182627730405,-0.624516613149019
"276",2,8,"AE",0.00737304599556878,0.00181860956498639,0.0965472261887681,721,0.0261182627730405,-0.460916414423191
"277",3,8,"AA",0.00626142656321241,0.00134767007337779,0.0667143395019264,445,0.0261182627730405,-0.719691590996296
"278",4,8,"EH",0.00643422827519115,0.00181553905650815,0.0714655567035739,963,0.0261182627730405,-0.196843599986853
"279",5,8,"ER",0.00648279069528671,0.00113555979210289,0.075639771805552,752,0.0261182627730405,-0.529771584372304
"280",6,8,"IH",0.007761363444155,0.0014827714721394,0.0867145403615992,1870,0.0261182627730405,0.454660829201279
"281",7,8,"UH",0.00273392533125823,0.0010863614740065,0.0587457890645245,227,0.0261182627730405,-0.938818768579952
"282",8,8,"AH",0.0153067504421491,0.00136754871680927,0.0807211757690554,3655,0.0261182627730405,1.94127235392781
"283",9,8,"AO",0.00863806765178695,0.00118668190747364,0.0825443974713865,581,0.0261182627730405,-0.679203611777484
"284",10,8,"UW",0.00487183642867852,0.000400953986541076,0.0777486269035067,404,0.0261182627730405,-0.984174769456234
"285",11,8,"EY",0.00707083041329509,0.00138742584333512,0.0705445874741546,517,0.0261182627730405,-0.660250436106124
"286",12,8,"AY",0.0103677510102108,0.00165481732553812,0.104103788480248,626,0.0261182627730405,-0.594299244327743
"287",13,8,"OY",0.00305688476274767,0.00131532865205995,0.0759958427815571,110,0.0261182627730405,-1.03036839695148
"288",14,8,"AW",0.00452858549705524,0.00107779344658308,0.0891044382769122,264,0.0261182627730405,-0.984485300342798
"289",15,8,"Y",0.00295855631711371,0.000935986158943444,0.0892936288088643,190,0.0261182627730405,-1.07738539992614
"290",16,8,"L",0.00949512435179499,0.000786110998691261,0.081077346743295,1392,0.0261182627730405,-0.0815024714873443
"291",17,8,"R",0.00490494044161574,0.000993281857759541,0.0871358522814834,1133,0.0261182627730405,-0.269181916909895
"292",18,8,"W",0.0048524249319187,0.000919283271384285,0.0908071430362082,946,0.0261182627730405,-0.450872585065008
"293",19,8,"B",0.0047621736121715,0.000403625175120417,0.0911795856273544,725,0.0261182627730405,-0.747593141343495
"294",20,8,"D",0.0119164466651886,0.000341282883644099,0.0512883829440841,1761,0.0261182627730405,0.205973118151278
"295",21,8,"F",0.00569270707975449,0.000292244217722313,0.0708181578769814,715,0.0261182627730405,-0.72964654756831
"296",22,8,"HH",0.00665218135407926,0.000684288372967306,0.0639679505333711,1070,0.0261182627730405,-0.3311036152855
"297",23,8,"K",0.009390497548657,0.000461956167797811,0.0588740437098577,931,0.0261182627730405,-0.482731844964827
"298",24,8,"M",0.00798773858127512,0.000550208846986773,0.0864963795975907,952,0.0261182627730405,-0.514315178777328
"299",25,8,"N",0.00733380306872136,0.00057602868506816,0.0740142743429722,2373,0.0261182627730405,0.71334874229917
"300",26,8,"P",0.00458661200365221,0.000305570632967636,0.0681395797185271,455,0.0261182627730405,-0.938168115192846
"301",27,8,"S",0.00701409344141343,0.000948525612409763,0.0790466853234765,1278,0.0261182627730405,-0.137263179927537
"302",28,8,"T",0.0125563881680715,0.000466818955681696,0.0793627160005276,2432,0.0261182627730405,0.726220809525182
"303",29,8,"V",0.00411944827147878,0.000469294606457141,0.0677070707070707,500,0.0261182627730405,-0.864284205658901
"304",30,8,"Z",0.00643313823468095,0.00073303591417808,0.0781659665663903,944,0.0261182627730405,-0.461299137114913
"305",31,8,"DH",0.00722941752670118,0.000347551508749001,0.0830093900322182,1577,0.0261182627730405,-0.0251571387473355
"306",32,8,"NG",0.00479470227414509,0.000873032155809849,0.072608975679201,382,0.0261182627730405,-0.888769869029251
"307",33,8,"G",0.00367261513584797,0.000656145512334235,0.120695690705661,295,0.0261182627730405,-1.12675397531909
"308",34,8,"SH",0.00496304378012469,0.00142886829463055,0.0621017184253231,279,0.0261182627730405,-0.830089318386987
"309",35,8,"CH",0.00338359216984873,0.000752329674439643,0.0553734770744456,118,0.0261182627730405,-1.09347976853852
"310",36,8,"TH",0.00235805834046453,0.000385290311645358,0.0890994916485112,210,0.0261182627730405,-1.17816599307382
"311",37,8,"ZH",0.000227364108249208,0.000871052700346704,0.12175,5,0.0261182627730405,-1.32642740702777
"312",38,8,"JH",0.0021165941328712,0.000975818317960424,0.0738917367191333,83,0.0261182627730405,-1.12058226219495
"313",0,9,"IY",0.0160137140740908,0.00123786941126436,0.0659998099256809,1349,0.0479586655975082,0.406212706122774
"314",1,9,"OW",0.00930277899938831,0.00120393808365015,0.0707050797454422,607,0.0479586655975082,-0.234747436152296
"315",2,9,"AE",0.0109356104322417,0.00181860956498639,0.0965472261887681,721,0.0479586655975082,-0.0711472374264679
"316",3,9,"AA",0.0076680397697569,0.00134767007337779,0.0667143395019264,445,0.0479586655975082,-0.329922413999573
"317",4,9,"EH",0.0068972633670355,0.00181553905650815,0.0714655567035739,963,0.0479586655975082,0.19292557700987
"318",5,9,"ER",0.00693932276284208,0.00113555979210289,0.075639771805552,752,0.0479586655975082,-0.140002407375581
"319",6,9,"IH",0.0109242142664505,0.0014827714721394,0.0867145403615992,1870,0.0479586655975082,0.844430006198002
"320",7,9,"UH",0.00518000740827244,0.0010863614740065,0.0587457890645245,227,0.0479586655975082,-0.549049591583229
"321",8,9,"AH",0.0136120265603603,0.00136754871680927,0.0807211757690554,3655,0.0479586655975082,2.33104153092453
"322",9,9,"AO",0.00910771622817202,0.00118668190747364,0.0825443974713865,581,0.0479586655975082,-0.28943443478076
"323",10,9,"UW",0.00559450165740223,0.000400953986541076,0.0777486269035067,404,0.0479586655975082,-0.594405592459511
"324",11,9,"EY",0.0117450191358371,0.00138742584333512,0.0705445874741546,517,0.0479586655975082,-0.270481259109401
"325",12,9,"AY",0.0163443728267114,0.00165481732553812,0.104103788480248,626,0.0479586655975082,-0.20453006733102
"326",13,9,"OY",0.00475906235832903,0.00131532865205995,0.0759958427815571,110,0.0479586655975082,-0.64059921995476
"327",14,9,"AW",0.0085873657308552,0.00107779344658308,0.0891044382769122,264,0.0479586655975082,-0.594716123346074
"328",15,9,"Y",0.00362489721699662,0.000935986158943444,0.0892936288088643,190,0.0479586655975082,-0.687616222929418
"329",16,9,"L",0.0160135376843642,0.000786110998691261,0.081077346743295,1392,0.0479586655975082,0.308266705509379
"330",17,9,"R",0.0063391079782128,0.000993281857759541,0.0871358522814834,1133,0.0479586655975082,0.120587260086829
"331",18,9,"W",0.00734089580703107,0.000919283271384285,0.0908071430362082,946,0.0479586655975082,-0.0611034080682845
"332",19,9,"B",0.00669450693565198,0.000403625175120417,0.0911795856273544,725,0.0479586655975082,-0.357823964346772
"333",20,9,"D",0.010344857602642,0.000341282883644099,0.0512883829440841,1761,0.0479586655975082,0.595742295148001
"334",21,9,"F",0.00736097766603652,0.000292244217722313,0.0708181578769814,715,0.0479586655975082,-0.339877370571586
"335",22,9,"HH",0.0100748128691672,0.000684288372967306,0.0639679505333711,1070,0.0479586655975082,0.0586655617112231
"336",23,9,"K",0.012880150358432,0.000461956167797811,0.0588740437098577,931,0.0479586655975082,-0.0929626679681041
"337",24,9,"M",0.00803528128170411,0.000550208846986773,0.0864963795975907,952,0.0479586655975082,-0.124546001780604
"338",25,9,"N",0.0126535762577492,0.00057602868506816,0.0740142743429722,2373,0.0479586655975082,1.10311791929589
"339",26,9,"P",0.00905960323451616,0.000305570632967636,0.0681395797185271,455,0.0479586655975082,-0.548398938196123
"340",27,9,"S",0.0120158917279579,0.000948525612409763,0.0790466853234765,1278,0.0479586655975082,0.252505997069186
"341",28,9,"T",0.019312477139545,0.000466818955681696,0.0793627160005276,2432,0.0479586655975082,1.11598998652191
"342",29,9,"V",0.00475869669172024,0.000469294606457141,0.0677070707070707,500,0.0479586655975082,-0.474515028662178
"343",30,9,"Z",0.0123289120356751,0.00073303591417808,0.0781659665663903,944,0.0479586655975082,-0.07152996011819
"344",31,9,"DH",0.00967801417681433,0.000347551508749001,0.0830093900322182,1577,0.0479586655975082,0.364612038249388
"345",32,9,"NG",0.00639577261405852,0.000873032155809849,0.072608975679201,382,0.0479586655975082,-0.499000692032528
"346",33,9,"G",0.00717129960602794,0.000656145512334235,0.120695690705661,295,0.0479586655975082,-0.736984798322367
"347",34,9,"SH",0.00803525362095413,0.00142886829463055,0.0621017184253231,279,0.0479586655975082,-0.440320141390263
"348",35,9,"CH",0.00456452753998466,0.000752329674439643,0.0553734770744456,118,0.0479586655975082,-0.703710591541793
"349",36,9,"TH",0.00431601582721703,0.000385290311645358,0.0890994916485112,210,0.0479586655975082,-0.788396816077093
"350",37,9,"ZH",0.00035732429910347,0.000871052700346704,0.12175,5,0.0479586655975082,-0.936658230031048
"351",38,9,"JH",0.00372705454059238,0.000975818317960424,0.0738917367191333,83,0.0479586655975082,-0.730813085198231
"352",0,10,"IY",0.0125040671243572,0.00123786941126436,0.0659998099256809,1349,0.0547851658853919,0.398230372538071
"353",1,10,"OW",0.00881974067154964,0.00120393808365015,0.0707050797454422,607,0.0547851658853919,-0.242729769736999
"354",2,10,"AE",0.0125375152646643,0.00181860956498639,0.0965472261887681,721,0.0547851658853919,-0.0791295710111711
"355",3,10,"AA",0.0060929555019894,0.00134767007337779,0.0667143395019264,445,0.0547851658853919,-0.337904747584276
"356",4,10,"EH",0.0069131330476919,0.00181553905650815,0.0714655567035739,963,0.0547851658853919,0.184943243425167
"357",5,10,"ER",0.00968724473184733,0.00113555979210289,0.075639771805552,752,0.0547851658853919,-0.147984740960284
"358",6,10,"IH",0.010703900139471,0.0014827714721394,0.0867145403615992,1870,0.0547851658853919,0.836447672613299
"359",7,10,"UH",0.00362045219657774,0.0010863614740065,0.0587457890645245,227,0.0547851658853919,-0.557031925167932
"360",8,10,"AH",0.0158053629965497,0.00136754871680927,0.0807211757690554,3655,0.0547851658853919,2.32305919733983
"361",9,10,"AO",0.00933640519029684,0.00118668190747364,0.0825443974713865,581,0.0547851658853919,-0.297416768365463
"362",10,10,"UW",0.0060744986238675,0.000400953986541076,0.0777486269035067,404,0.0547851658853919,-0.602387926044214
"363",11,10,"EY",0.00986635158398496,0.00138742584333512,0.0705445874741546,517,0.0547851658853919,-0.278463592694104
"364",12,10,"AY",0.0100416754694378,0.00165481732553812,0.104103788480248,626,0.0547851658853919,-0.212512400915723
"365",13,10,"OY",0.004844778970776,0.00131532865205995,0.0759958427815571,110,0.0547851658853919,-0.648581553539463
"366",14,10,"AW",0.0123113072708708,0.00107779344658308,0.0891044382769122,264,0.0547851658853919,-0.602698456930777
"367",15,10,"Y",0.00423646983706015,0.000935986158943444,0.0892936288088643,190,0.0547851658853919,-0.695598556514121
"368",16,10,"L",0.0113072888969415,0.000786110998691261,0.081077346743295,1392,0.0547851658853919,0.300284371924676
"369",17,10,"R",0.00735850689596639,0.000993281857759541,0.0871358522814834,1133,0.0547851658853919,0.112604926502126
"370",18,10,"W",0.00745263089120197,0.000919283271384285,0.0908071430362082,946,0.0547851658853919,-0.0690857416529877
"371",19,10,"B",0.00930131551494162,0.000403625175120417,0.0911795856273544,725,0.0547851658853919,-0.365806297931475
"372",20,10,"D",0.00926560469336498,0.000341282883644099,0.0512883829440841,1761,0.0547851658853919,0.587759961563298
"373",21,10,"F",0.00995643703286811,0.000292244217722313,0.0708181578769814,715,0.0547851658853919,-0.34785970415629
"374",22,10,"HH",0.00580648586678284,0.000684288372967306,0.0639679505333711,1070,0.0547851658853919,0.0506832281265199
"375",23,10,"K",0.0123217035810457,0.000461956167797811,0.0588740437098577,931,0.0547851658853919,-0.100945001552807
"376",24,10,"M",0.00870864143135954,0.000550208846986773,0.0864963795975907,952,0.0547851658853919,-0.132528335365308
"377",25,10,"N",0.0124058660508066,0.00057602868506816,0.0740142743429722,2373,0.0547851658853919,1.09513558571119
"378",26,10,"P",0.00807819497053022,0.000305570632967636,0.0681395797185271,455,0.0547851658853919,-0.556381271780826
"379",27,10,"S",0.00959898614867587,0.000948525612409763,0.0790466853234765,1278,0.0547851658853919,0.244523663484483
"380",28,10,"T",0.0232048323756945,0.000466818955681696,0.0793627160005276,2432,0.0547851658853919,1.1080076529372
"381",29,10,"V",0.00439177005560081,0.000469294606457141,0.0677070707070707,500,0.0547851658853919,-0.482497362246881
"382",30,10,"Z",0.0125140157706813,0.00073303591417808,0.0781659665663903,944,0.0547851658853919,-0.0795122937028932
"383",31,10,"DH",0.00949308939611174,0.000347551508749001,0.0830093900322182,1577,0.0547851658853919,0.356629704664685
"384",32,10,"NG",0.00503928336504273,0.000873032155809849,0.072608975679201,382,0.0547851658853919,-0.506983025617231
"385",33,10,"G",0.00597438551522761,0.000656145512334235,0.120695690705661,295,0.0547851658853919,-0.74496713190707
"386",34,10,"SH",0.00707527081589635,0.00142886829463055,0.0621017184253231,279,0.0547851658853919,-0.448302474974967
"387",35,10,"CH",0.00301574739315115,0.000752329674439643,0.0553734770744456,118,0.0547851658853919,-0.711692925126497
"388",36,10,"TH",0.00418725027794292,0.000385290311645358,0.0890994916485112,210,0.0547851658853919,-0.796379149661796
"389",37,10,"ZH",0.000476455902459394,0.000871052700346704,0.12175,5,0.0547851658853919,-0.944640563615751
"390",38,10,"JH",0.00239905506419659,0.000975818317960424,0.0738917367191333,83,0.0547851658853919,-0.738795418782935
"391",0,11,"IY",0.0169150930692015,0.00123786941126436,0.0659998099256809,1349,0.0327825037996328,0.668029088062234
"392",1,11,"OW",0.0104485219069512,0.00120393808365015,0.0707050797454422,607,0.0327825037996328,0.0270689457871645
"393",2,11,"AE",0.0103692819615263,0.00181860956498639,0.0965472261887681,721,0.0327825037996328,0.190669144512992
"394",3,11,"AA",0.00685655948092518,0.00134767007337779,0.0667143395019264,445,0.0327825037996328,-0.0681060320601125
"395",4,11,"EH",0.00979739992255778,0.00181553905650815,0.0714655567035739,963,0.0327825037996328,0.45474195894933
"396",5,11,"ER",0.0158982662656169,0.00113555979210289,0.075639771805552,752,0.0327825037996328,0.12181397456388
"397",6,11,"IH",0.0124300826792881,0.0014827714721394,0.0867145403615992,1870,0.0327825037996328,1.10624638813746
"398",7,11,"UH",0.00370450269034253,0.0010863614740065,0.0587457890645245,227,0.0327825037996328,-0.287233209643768
"399",8,11,"AH",0.015376291510172,0.00136754871680927,0.0807211757690554,3655,0.0327825037996328,2.59285791286399
"400",9,11,"AO",0.0108287925904065,0.00118668190747364,0.0825443974713865,581,0.0327825037996328,-0.0276180528412999
"401",10,11,"UW",0.00851996716141738,0.000400953986541076,0.0777486269035067,404,0.0327825037996328,-0.33258921052005
"402",11,11,"EY",0.0107238006718004,0.00138742584333512,0.0705445874741546,517,0.0327825037996328,-0.00866487716994042
"403",12,11,"AY",0.0149224081649785,0.00165481732553812,0.104103788480248,626,0.0327825037996328,0.0572863146084403
"404",13,11,"OY",0.00821222495365504,0.00131532865205995,0.0759958427815571,110,0.0327825037996328,-0.378782838015299
"405",14,11,"AW",0.00772624184127762,0.00107779344658308,0.0891044382769122,264,0.0327825037996328,-0.332899741406614
"406",15,11,"Y",0.00361785992665904,0.000935986158943444,0.0892936288088643,190,0.0327825037996328,-0.425799840989957
"407",16,11,"L",0.0108899648456438,0.000786110998691261,0.081077346743295,1392,0.0327825037996328,0.570083087448839
"408",17,11,"R",0.00682583454592057,0.000993281857759541,0.0871358522814834,1133,0.0327825037996328,0.382403642026289
"409",18,11,"W",0.0157539885366686,0.000919283271384285,0.0908071430362082,946,0.0327825037996328,0.200712973871176
"410",19,11,"B",0.011289287159612,0.000403625175120417,0.0911795856273544,725,0.0327825037996328,-0.0960075824073116
"411",20,11,"D",0.0103305284247879,0.000341282883644099,0.0512883829440841,1761,0.0327825037996328,0.857558677087461
"412",21,11,"F",0.0103079128915526,0.000292244217722313,0.0708181578769814,715,0.0327825037996328,-0.0780609886321262
"413",22,11,"HH",0.0063863757618956,0.000684288372967306,0.0639679505333711,1070,0.0327825037996328,0.320481943650683
"414",23,11,"K",0.00936198166480722,0.000461956167797811,0.0588740437098577,931,0.0327825037996328,0.168853713971356
"415",24,11,"M",0.0107962819699062,0.000550208846986773,0.0864963795975907,952,0.0327825037996328,0.137270380158856
"416",25,11,"N",0.013050111826771,0.00057602868506816,0.0740142743429722,2373,0.0327825037996328,1.36493430123535
"417",26,11,"P",0.00947035097643331,0.000305570632967636,0.0681395797185271,455,0.0327825037996328,-0.286582556256663
"418",27,11,"S",0.0110508013756215,0.000948525612409763,0.0790466853234765,1278,0.0327825037996328,0.514322379008646
"419",28,11,"T",0.0195027119301006,0.000466818955681696,0.0793627160005276,2432,0.0327825037996328,1.37780636846137
"420",29,11,"V",0.00465250395685266,0.000469294606457141,0.0677070707070707,500,0.0327825037996328,-0.212698646722717
"421",30,11,"Z",0.0142315200967488,0.00073303591417808,0.0781659665663903,944,0.0327825037996328,0.19028642182127
"422",31,11,"DH",0.0103776801672318,0.000347551508749001,0.0830093900322182,1577,0.0327825037996328,0.626428420188848
"423",32,11,"NG",0.00667566778642753,0.000873032155809849,0.072608975679201,382,0.0327825037996328,-0.237184310093068
"424",33,11,"G",0.00691847767948314,0.000656145512334235,0.120695690705661,295,0.0327825037996328,-0.475168416382907
"425",34,11,"SH",0.00722341997678925,0.00142886829463055,0.0621017184253231,279,0.0327825037996328,-0.178503759450803
"426",35,11,"CH",0.00725260645091691,0.000752329674439643,0.0553734770744456,118,0.0327825037996328,-0.441894209602333
"427",36,11,"TH",0.00450942728449068,0.000385290311645358,0.0890994916485112,210,0.0327825037996328,-0.526580434137633
"428",37,11,"ZH",0.0010724471113682,0.000871052700346704,0.12175,5,0.0327825037996328,-0.674841848091588
"429",38,11,"JH",0.0040521234529707,0.000975818317960424,0.0738917367191333,83,0.0327825037996328,-0.468996703258771
"430",0,12,"IY",0.0129038410661776,0.00123786941126436,0.0659998099256809,1349,0.0311569423051257,0.28460319870354
"431",1,12,"OW",0.00582697092383793,0.00120393808365015,0.0707050797454422,607,0.0311569423051257,-0.35635694357153
"432",2,12,"AE",0.0084527098327377,0.00181860956498639,0.0965472261887681,721,0.0311569423051257,-0.192756744845702
"433",3,12,"AA",0.00689904222665521,0.00134767007337779,0.0667143395019264,445,0.0311569423051257,-0.451531921418807
"434",4,12,"EH",0.00769691131409105,0.00181553905650815,0.0714655567035739,963,0.0311569423051257,0.0713160695906358
"435",5,12,"ER",0.00924578960183527,0.00113555979210289,0.075639771805552,752,0.0311569423051257,-0.261611914794815
"436",6,12,"IH",0.00962832328511052,0.0014827714721394,0.0867145403615992,1870,0.0311569423051257,0.722820498778768
"437",7,12,"UH",0.00425599531827137,0.0010863614740065,0.0587457890645245,227,0.0311569423051257,-0.670659099002463
"438",8,12,"AH",0.0155430498681644,0.00136754871680927,0.0807211757690554,3655,0.0311569423051257,2.20943202350529
"439",9,12,"AO",0.00819206136609083,0.00118668190747364,0.0825443974713865,581,0.0311569423051257,-0.411043942199995
"440",10,12,"UW",0.00562459539799454,0.000400953986541076,0.0777486269035067,404,0.0311569423051257,-0.716015099878745
"441",11,12,"EY",0.00786443346561593,0.00138742584333512,0.0705445874741546,517,0.0311569423051257,-0.392090766528635
"442",12,12,"AY",0.00722689116528445,0.00165481732553812,0.104103788480248,626,0.0311569423051257,-0.326139574750254
"443",13,12,"OY",0.00372439685784068,0.00131532865205995,0.0759958427815571,110,0.0311569423051257,-0.762208727373994
"444",14,12,"AW",0.0072605247898664,0.00107779344658308,0.0891044382769122,264,0.0311569423051257,-0.716325630765309
"445",15,12,"Y",0.00303470367930949,0.000935986158943444,0.0892936288088643,190,0.0311569423051257,-0.809225730348652
"446",16,12,"L",0.0110678220608518,0.000786110998691261,0.081077346743295,1392,0.0311569423051257,0.186657198090145
"447",17,12,"R",0.00714116799818466,0.000993281857759541,0.0871358522814834,1133,0.0311569423051257,-0.00102224733240566
"448",18,12,"W",0.00891371037631384,0.000919283271384285,0.0908071430362082,946,0.0311569423051257,-0.182712915487519
"449",19,12,"B",0.0104837660274712,0.000403625175120417,0.0911795856273544,725,0.0311569423051257,-0.479433471766006
"450",20,12,"D",0.0077255398972059,0.000341282883644099,0.0512883829440841,1761,0.0311569423051257,0.474132787728767
"451",21,12,"F",0.00627500071084163,0.000292244217722313,0.0708181578769814,715,0.0311569423051257,-0.461486877990821
"452",22,12,"HH",0.0071612621551273,0.000684288372967306,0.0639679505333711,1070,0.0311569423051257,-0.0629439457080113
"453",23,12,"K",0.0108962106681693,0.000461956167797811,0.0588740437098577,931,0.0311569423051257,-0.214572175387339
"454",24,12,"M",0.00962557904047181,0.000550208846986773,0.0864963795975907,952,0.0311569423051257,-0.246155509199839
"455",25,12,"N",0.0117483621950398,0.00057602868506816,0.0740142743429722,2373,0.0311569423051257,0.981508411876659
"456",26,12,"P",0.00723471613761177,0.000305570632967636,0.0681395797185271,455,0.0311569423051257,-0.670008445615357
"457",27,12,"S",0.00846565600134783,0.000948525612409763,0.0790466853234765,1278,0.0311569423051257,0.130896489649952
"458",28,12,"T",0.0131855945217372,0.000466818955681696,0.0793627160005276,2432,0.0311569423051257,0.994380479102671
"459",29,12,"V",0.00412098816193201,0.000469294606457141,0.0677070707070707,500,0.0311569423051257,-0.596124536081412
"460",30,12,"Z",0.0103673713206964,0.00073303591417808,0.0781659665663903,944,0.0311569423051257,-0.193139467537424
"461",31,12,"DH",0.0134685053127871,0.000347551508749001,0.0830093900322182,1577,0.0311569423051257,0.243002530830153
"462",32,12,"NG",0.00604092622725316,0.000873032155809849,0.072608975679201,382,0.0311569423051257,-0.620610199451763
"463",33,12,"G",0.0036481117628461,0.000656145512334235,0.120695690705661,295,0.0311569423051257,-0.858594305741602
"464",34,12,"SH",0.00669926203548598,0.00142886829463055,0.0621017184253231,279,0.0311569423051257,-0.561929648809498
"465",35,12,"CH",0.00247467160030661,0.000752329674439643,0.0553734770744456,118,0.0311569423051257,-0.825320098961028
"466",36,12,"TH",0.00430139014803819,0.000385290311645358,0.0890994916485112,210,0.0311569423051257,-0.910006323496328
"467",37,12,"ZH",0.000690074758169157,0.000871052700346704,0.12175,5,0.0311569423051257,-1.05826773745028
"468",38,12,"JH",0.00286516472345056,0.000975818317960424,0.0738917367191333,83,0.0311569423051257,-0.852422592617466
"469",0,13,"IY",0.014300071124147,0.00123786941126436,0.0659998099256809,1349,0.038768910076192,0.391040642584871
"470",1,13,"OW",0.00864983789974343,0.00120393808365015,0.0707050797454422,607,0.038768910076192,-0.249919499690198
"471",2,13,"AE",0.00994054562390415,0.00181860956498639,0.0965472261887681,721,0.038768910076192,-0.0863193009643706
"472",3,13,"AA",0.00813730911977491,0.00134767007337779,0.0667143395019264,445,0.038768910076192,-0.345094477537475
"473",4,13,"EH",0.00868710919167559,0.00181553905650815,0.0714655567035739,963,0.038768910076192,0.177753513471968
"474",5,13,"ER",0.0100245308436903,0.00113555979210289,0.075639771805552,752,0.038768910076192,-0.155174470913483
"475",6,13,"IH",0.00801070988540062,0.0014827714721394,0.0867145403615992,1870,0.038768910076192,0.829257942660099
"476",7,13,"UH",0.00283356935484976,0.0010863614740065,0.0587457890645245,227,0.038768910076192,-0.564221655121131
"477",8,13,"AH",0.0143453475844648,0.00136754871680927,0.0807211757690554,3655,0.038768910076192,2.31586946738663
"478",9,13,"AO",0.00918965519979013,0.00118668190747364,0.0825443974713865,581,0.038768910076192,-0.304606498318663
"479",10,13,"UW",0.00647311295579169,0.000400953986541076,0.0777486269035067,404,0.038768910076192,-0.609577655997413
"480",11,13,"EY",0.00770980250784746,0.00138742584333512,0.0705445874741546,517,0.038768910076192,-0.285653322647303
"481",12,13,"AY",0.0145329816073265,0.00165481732553812,0.104103788480248,626,0.038768910076192,-0.219702130868923
"482",13,13,"OY",0.00437616687453589,0.00131532865205995,0.0759958427815571,110,0.038768910076192,-0.655771283492662
"483",14,13,"AW",0.00671284843007339,0.00107779344658308,0.0891044382769122,264,0.038768910076192,-0.609888186883977
"484",15,13,"Y",0.00311883746132922,0.000935986158943444,0.0892936288088643,190,0.038768910076192,-0.70278828646732
"485",16,13,"L",0.010935829092299,0.000786110998691261,0.081077346743295,1392,0.038768910076192,0.293094641971476
"486",17,13,"R",0.00593818954723187,0.000993281857759541,0.0871358522814834,1133,0.038768910076192,0.105415196548926
"487",18,13,"W",0.00944239363554408,0.000919283271384285,0.0908071430362082,946,0.038768910076192,-0.0762754716061872
"488",19,13,"B",0.00778731570348912,0.000403625175120417,0.0911795856273544,725,0.038768910076192,-0.372996027884674
"489",20,13,"D",0.0104227382160877,0.000341282883644099,0.0512883829440841,1761,0.038768910076192,0.580570231610098
"490",21,13,"F",0.00700710096617327,0.000292244217722313,0.0708181578769814,715,0.038768910076192,-0.355049434109489
"491",22,13,"HH",0.0065878428540198,0.000684288372967306,0.0639679505333711,1070,0.038768910076192,0.0434934981733204
"492",23,13,"K",0.00913932416055058,0.000461956167797811,0.0588740437098577,931,0.038768910076192,-0.108134731506007
"493",24,13,"M",0.00625397988680385,0.000550208846986773,0.0864963795975907,952,0.038768910076192,-0.139718065318507
"494",25,13,"N",0.0108905705030608,0.00057602868506816,0.0740142743429722,2373,0.038768910076192,1.08794585575799
"495",26,13,"P",0.00686811717061968,0.000305570632967636,0.0681395797185271,455,0.038768910076192,-0.563571001734026
"496",27,13,"S",0.00911877002737287,0.000948525612409763,0.0790466853234765,1278,0.038768910076192,0.237333933531283
"497",28,13,"T",0.0139607438930911,0.000466818955681696,0.0793627160005276,2432,0.038768910076192,1.100817922984
"498",29,13,"V",0.00421410733406907,0.000469294606457141,0.0677070707070707,500,0.038768910076192,-0.48968709220008
"499",30,13,"Z",0.00933530066076193,0.00073303591417808,0.0781659665663903,944,0.038768910076192,-0.0867020236560927
"500",31,13,"DH",0.00873805012749754,0.000347551508749001,0.0830093900322182,1577,0.038768910076192,0.349439974711485
"501",32,13,"NG",0.00648991636257989,0.000873032155809849,0.072608975679201,382,0.038768910076192,-0.514172755570431
"502",33,13,"G",0.00513962563263213,0.000656145512334235,0.120695690705661,295,0.038768910076192,-0.75215686186027
"503",34,13,"SH",0.00468737969216869,0.00142886829463055,0.0621017184253231,279,0.038768910076192,-0.455492204928166
"504",35,13,"CH",0.00387472453935567,0.000752329674439643,0.0553734770744456,118,0.038768910076192,-0.718882655079696
"505",36,13,"TH",0.0023899123064418,0.000385290311645358,0.0890994916485112,210,0.038768910076192,-0.803568879614996
"506",37,13,"ZH",0.000346543236984858,0.000871052700346704,0.12175,5,0.038768910076192,-0.951830293568951
"507",38,13,"JH",0.00226380087037753,0.000975818317960424,0.0738917367191333,83,0.038768910076192,-0.745985148736134
"508",0,14,"IY",0.0119352481938308,0.00123786941126436,0.0659998099256809,1349,0.0260097179983866,0.610849767588341
"509",1,14,"OW",0.00873707086814039,0.00120393808365015,0.0707050797454422,607,0.0260097179983866,-0.0301103746867287
"510",2,14,"AE",0.00988176835046712,0.00181860956498639,0.0965472261887681,721,0.0260097179983866,0.133489824039099
"511",3,14,"AA",0.00710008341274415,0.00134767007337779,0.0667143395019264,445,0.0260097179983866,-0.125285352534006
"512",4,14,"EH",0.00710531551945082,0.00181553905650815,0.0714655567035739,963,0.0260097179983866,0.397562638475437
"513",5,14,"ER",0.0114382586417937,0.00113555979210289,0.075639771805552,752,0.0260097179983866,0.0646346540899865
"514",6,14,"IH",0.00809045146043363,0.0014827714721394,0.0867145403615992,1870,0.0260097179983866,1.04906706766357
"515",7,14,"UH",0.00336050831838831,0.0010863614740065,0.0587457890645245,227,0.0260097179983866,-0.344412530117662
"516",8,14,"AH",0.0120242473681432,0.00136754871680927,0.0807211757690554,3655,0.0260097179983866,2.5356785923901
"517",9,14,"AO",0.00843185085844564,0.00118668190747364,0.0825443974713865,581,0.0260097179983866,-0.084797373315193
"518",10,14,"UW",0.00658969857884142,0.000400953986541076,0.0777486269035067,404,0.0260097179983866,-0.389768530993943
"519",11,14,"EY",0.0101712373632043,0.00138742584333512,0.0705445874741546,517,0.0260097179983866,-0.0658441976438335
"520",12,14,"AY",0.0161718463476907,0.00165481732553812,0.104103788480248,626,0.0260097179983866,0.000106994134547147
"521",13,14,"OY",0.00671036262488029,0.00131532865205995,0.0759958427815571,110,0.0260097179983866,-0.435962158489192
"522",14,14,"AW",0.00896932442514431,0.00107779344658308,0.0891044382769122,264,0.0260097179983866,-0.390079061880507
"523",15,14,"Y",0.00589795246069462,0.000935986158943444,0.0892936288088643,190,0.0260097179983866,-0.482979161463851
"524",16,14,"L",0.012768586441045,0.000786110998691261,0.081077346743295,1392,0.0260097179983866,0.512903766974946
"525",17,14,"R",0.00855145636292926,0.000993281857759541,0.0871358522814834,1133,0.0260097179983866,0.325224321552396
"526",18,14,"W",0.0132533511448576,0.000919283271384285,0.0908071430362082,946,0.0260097179983866,0.143533653397283
"527",19,14,"B",0.00878350436625296,0.000403625175120417,0.0911795856273544,725,0.0260097179983866,-0.153186902881205
"528",20,14,"D",0.0191466905740245,0.000341282883644099,0.0512883829440841,1761,0.0260097179983866,0.800379356613568
"529",21,14,"F",0.00560263573825064,0.000292244217722313,0.0708181578769814,715,0.0260097179983866,-0.135240309106019
"530",22,14,"HH",0.00620665979722712,0.000684288372967306,0.0639679505333711,1070,0.0260097179983866,0.26330262317679
"531",23,14,"K",0.0182433425115552,0.000461956167797811,0.0588740437098577,931,0.0260097179983866,0.111674393497463
"532",24,14,"M",0.00935236115993531,0.000550208846986773,0.0864963795975907,952,0.0260097179983866,0.0800910596849626
"533",25,14,"N",0.0109777845450572,0.00057602868506816,0.0740142743429722,2373,0.0260097179983866,1.30775498076146
"534",26,14,"P",0.00753731939997957,0.000305570632967636,0.0681395797185271,455,0.0260097179983866,-0.343761876730556
"535",27,14,"S",0.0111014660057493,0.000948525612409763,0.0790466853234765,1278,0.0260097179983866,0.457143058534753
"536",28,14,"T",0.0249172345529875,0.000466818955681696,0.0793627160005276,2432,0.0260097179983866,1.32062704798747
"537",29,14,"V",0.00571665628662223,0.000469294606457141,0.0677070707070707,500,0.0260097179983866,-0.26987796719661
"538",30,14,"Z",0.00760206307804061,0.00073303591417808,0.0781659665663903,944,0.0260097179983866,0.133107101347377
"539",31,14,"DH",0.0107029963170831,0.000347551508749001,0.0830093900322182,1577,0.0260097179983866,0.569249099714955
"540",32,14,"NG",0.0084490342466446,0.000873032155809849,0.072608975679201,382,0.0260097179983866,-0.294363630566961
"541",33,14,"G",0.00598023681478765,0.000656145512334235,0.120695690705661,295,0.0260097179983866,-0.5323477368568
"542",34,14,"SH",0.00806923937409224,0.00142886829463055,0.0621017184253231,279,0.0260097179983866,-0.235683079924696
"543",35,14,"CH",0.00403488894509738,0.000752329674439643,0.0553734770744456,118,0.0260097179983866,-0.499073530076226
"544",36,14,"TH",0.00696351232923055,0.000385290311645358,0.0890994916485112,210,0.0260097179983866,-0.583759754611526
"545",37,14,"ZH",0.000632490071811435,0.000871052700346704,0.12175,5,0.0260097179983866,-0.732021168565481
"546",38,14,"JH",0.00366804452366499,0.000975818317960424,0.0738917367191333,83,0.0260097179983866,-0.526176023732664
"547",0,15,"IY",0.0078026212916785,0.00123786941126436,0.0659998099256809,1349,0.00380270866980949,0.285049902032064
"548",1,15,"OW",0.00935420914268038,0.00120393808365015,0.0707050797454422,607,0.00380270866980949,-0.355910240243005
"549",2,15,"AE",0.00877435889592063,0.00181860956498639,0.0965472261887681,721,0.00380270866980949,-0.192310041517178
"550",3,15,"AA",0.00961535645669089,0.00134767007337779,0.0667143395019264,445,0.00380270866980949,-0.451085218090282
"551",4,15,"EH",0.00840711519141982,0.00181553905650815,0.0714655567035739,963,0.00380270866980949,0.0717627729191605
"552",5,15,"ER",0.0082920950056532,0.00113555979210289,0.075639771805552,752,0.00380270866980949,-0.26116521146629
"553",6,15,"IH",0.00762952392031755,0.0014827714721394,0.0867145403615992,1870,0.00380270866980949,0.723267202107292
"554",7,15,"UH",0.00321867517378711,0.0010863614740065,0.0587457890645245,227,0.00380270866980949,-0.670212395673938
"555",8,15,"AH",0.00915784627325422,0.00136754871680927,0.0807211757690554,3655,0.00380270866980949,2.20987872683382
"556",9,15,"AO",0.00692930341677273,0.00118668190747364,0.0825443974713865,581,0.00380270866980949,-0.41059723887147
"557",10,15,"UW",0.00438361548347628,0.000400953986541076,0.0777486269035067,404,0.00380270866980949,-0.71556839655022
"558",11,15,"EY",0.00653527664535175,0.00138742584333512,0.0705445874741546,517,0.00380270866980949,-0.39164406320011
"559",12,15,"AY",0.012294463252488,0.00165481732553812,0.104103788480248,626,0.00380270866980949,-0.32569287142173
"560",13,15,"OY",0.00340043968552391,0.00131532865205995,0.0759958427815571,110,0.00380270866980949,-0.761762024045469
"561",14,15,"AW",0.0059393559303047,0.00107779344658308,0.0891044382769122,264,0.00380270866980949,-0.715878927436784
"562",15,15,"Y",0.00350302872300759,0.000935986158943444,0.0892936288088643,190,0.00380270866980949,-0.808779027020127
"563",16,15,"L",0.0121433069025571,0.000786110998691261,0.081077346743295,1392,0.00380270866980949,0.187103901418669
"564",17,15,"R",0.00528780987597193,0.000993281857759541,0.0871358522814834,1133,0.00380270866980949,-0.000575544003880962
"565",18,15,"W",0.00859038419917843,0.000919283271384285,0.0908071430362082,946,0.00380270866980949,-0.182266212158994
"566",19,15,"B",0.0064942823647321,0.000403625175120417,0.0911795856273544,725,0.00380270866980949,-0.478986768437482
"567",20,15,"D",0.0110353575301755,0.000341282883644099,0.0512883829440841,1761,0.00380270866980949,0.474579491057291
"568",21,15,"F",0.00757358017030095,0.000292244217722313,0.0708181578769814,715,0.00380270866980949,-0.461040174662296
"569",22,15,"HH",0.0067509508897219,0.000684288372967306,0.0639679505333711,1070,0.00380270866980949,-0.0624972423794866
"570",23,15,"K",0.0078501059588119,0.000461956167797811,0.0588740437098577,931,0.00380270866980949,-0.214125472058814
"571",24,15,"M",0.00771231322679908,0.000550208846986773,0.0864963795975907,952,0.00380270866980949,-0.245708805871314
"572",25,15,"N",0.0108049869485926,0.00057602868506816,0.0740142743429722,2373,0.00380270866980949,0.981955115205184
"573",26,15,"P",0.00734963366864524,0.000305570632967636,0.0681395797185271,455,0.00380270866980949,-0.669561742286833
"574",27,15,"S",0.00938081176524556,0.000948525612409763,0.0790466853234765,1278,0.00380270866980949,0.131343192978476
"575",28,15,"T",0.0121820098842476,0.000466818955681696,0.0793627160005276,2432,0.00380270866980949,0.994827182431196
"576",29,15,"V",0.00461142170783689,0.000469294606457141,0.0677070707070707,500,0.00380270866980949,-0.595677832752887
"577",30,15,"Z",0.00901266121855508,0.00073303591417808,0.0781659665663903,944,0.00380270866980949,-0.1926927642089
"578",31,15,"DH",0.006334413921361,0.000347551508749001,0.0830093900322182,1577,0.00380270866980949,0.243449234158678
"579",32,15,"NG",0.00787350422269639,0.000873032155809849,0.072608975679201,382,0.00380270866980949,-0.620163496123238
"580",33,15,"G",0.00554461281835093,0.000656145512334235,0.120695690705661,295,0.00380270866980949,-0.858147602413077
"581",34,15,"SH",0.00595364518810454,0.00142886829463055,0.0621017184253231,279,0.00380270866980949,-0.561482945480973
"582",35,15,"CH",0.00766952070449936,0.000752329674439643,0.0553734770744456,118,0.00380270866980949,-0.824873395632503
"583",36,15,"TH",0.00414664148532797,0.000385290311645358,0.0890994916485112,210,0.00380270866980949,-0.909559620167803
"584",37,15,"ZH",0.000368767661841769,0.000871052700346704,0.12175,5,0.00380270866980949,-1.05782103412176
"585",38,15,"JH",0.00338236880509295,0.000975818317960424,0.0738917367191333,83,0.00380270866980949,-0.851975889288941
"586",0,16,"IY",0.0182225909733722,0.00123786941126436,0.0659998099256809,1349,0.0536966504407437,0.514731996612643
"587",1,16,"OW",0.0068828335290619,0.00120393808365015,0.0707050797454422,607,0.0536966504407437,-0.126228145662427
"588",2,16,"AE",0.0133204743406676,0.00181860956498639,0.0965472261887681,721,0.0536966504407437,0.0373720530634005
"589",3,16,"AA",0.00606138404431191,0.00134767007337779,0.0667143395019264,445,0.0536966504407437,-0.221403123509704
"590",4,16,"EH",0.00743654306715139,0.00181553905650815,0.0714655567035739,963,0.0536966504407437,0.301444867499739
"591",5,16,"ER",0.00995383077705424,0.00113555979210289,0.075639771805552,752,0.0536966504407437,-0.0314831168857121
"592",6,16,"IH",0.0132044751529777,0.0014827714721394,0.0867145403615992,1870,0.0536966504407437,0.952949296687871
"593",7,16,"UH",0.00401783126981522,0.0010863614740065,0.0587457890645245,227,0.0536966504407437,-0.44053030109336
"594",8,16,"AH",0.0163415777706869,0.00136754871680927,0.0807211757690554,3655,0.0536966504407437,2.4395608214144
"595",9,16,"AO",0.010696191672797,0.00118668190747364,0.0825443974713865,581,0.0536966504407437,-0.180915144290892
"596",10,16,"UW",0.0082512059562853,0.000400953986541076,0.0777486269035067,404,0.0536966504407437,-0.485886301969642
"597",11,16,"EY",0.00739988057700543,0.00138742584333512,0.0705445874741546,517,0.0536966504407437,-0.161961968619532
"598",12,16,"AY",0.0108485413322538,0.00165481732553812,0.104103788480248,626,0.0536966504407437,-0.0960107768411515
"599",13,16,"OY",0.00790134953783983,0.00131532865205995,0.0759958427815571,110,0.0536966504407437,-0.532079929464891
"600",14,16,"AW",0.0099853633427342,0.00107779344658308,0.0891044382769122,264,0.0536966504407437,-0.486196832856206
"601",15,16,"Y",0.00516412424465264,0.000935986158943444,0.0892936288088643,190,0.0536966504407437,-0.579096932439549
"602",16,16,"L",0.0109624129636953,0.000786110998691261,0.081077346743295,1392,0.0536966504407437,0.416785995999247
"603",17,16,"R",0.00827047275581195,0.000993281857759541,0.0871358522814834,1133,0.0536966504407437,0.229106550576697
"604",18,16,"W",0.00856106398449375,0.000919283271384285,0.0908071430362082,946,0.0536966504407437,0.0474158824215839
"605",19,16,"B",0.00871319647550665,0.000403625175120417,0.0911795856273544,725,0.0536966504407437,-0.249304673856903
"606",20,16,"D",0.0112483289940758,0.000341282883644099,0.0512883829440841,1761,0.0536966504407437,0.704261585637869
"607",21,16,"F",0.011453587503999,0.000292244217722313,0.0708181578769814,715,0.0536966504407437,-0.231358080081718
"608",22,16,"HH",0.00886141280074476,0.000684288372967306,0.0639679505333711,1070,0.0536966504407437,0.167184852201092
"609",23,16,"K",0.0176429490648578,0.000461956167797811,0.0588740437098577,931,0.0536966504407437,0.0155566225217643
"610",24,16,"M",0.00645911173277412,0.000550208846986773,0.0864963795975907,952,0.0536966504407437,-0.016026711290736
"611",25,16,"N",0.00838227242624497,0.00057602868506816,0.0740142743429722,2373,0.0536966504407437,1.21163720978576
"612",26,16,"P",0.0114650593213151,0.000305570632967636,0.0681395797185271,455,0.0536966504407437,-0.439879647706255
"613",27,16,"S",0.00938912666750513,0.000948525612409763,0.0790466853234765,1278,0.0536966504407437,0.361025287559055
"614",28,16,"T",0.0233441636739833,0.000466818955681696,0.0793627160005276,2432,0.0536966504407437,1.22450927701177
"615",29,16,"V",0.00745252732663756,0.000469294606457141,0.0677070707070707,500,0.0536966504407437,-0.365995738172309
"616",30,16,"Z",0.00724915714045518,0.00073303591417808,0.0781659665663903,944,0.0536966504407437,0.0369893303716785
"617",31,16,"DH",0.00962672999737099,0.000347551508749001,0.0830093900322182,1577,0.0536966504407437,0.473131328739256
"618",32,16,"NG",0.00976228740834309,0.000873032155809849,0.072608975679201,382,0.0536966504407437,-0.39048140154266
"619",33,16,"G",0.00627081159536327,0.000656145512334235,0.120695690705661,295,0.0536966504407437,-0.628465507832499
"620",34,16,"SH",0.00644444320094698,0.00142886829463055,0.0621017184253231,279,0.0536966504407437,-0.331800850900395
"621",35,16,"CH",0.00709650625160315,0.000752329674439643,0.0553734770744456,118,0.0536966504407437,-0.595191301051925
"622",36,16,"TH",0.00391499928474682,0.000385290311645358,0.0890994916485112,210,0.0536966504407437,-0.679877525587225
"623",37,16,"ZH",0.000420408198054967,0.000871052700346704,0.12175,5,0.0536966504407437,-0.82813893954118
"624",38,16,"JH",0.00382602857896548,0.000975818317960424,0.0738917367191333,83,0.0536966504407437,-0.622293794708363
"625",0,17,"IY",0.0147709455542096,0.00123786941126436,0.0659998099256809,1349,0.0547501641355618,0.655555289143697
"626",1,17,"OW",0.0065517362192754,0.00120393808365015,0.0707050797454422,607,0.0547501641355618,0.0145951468686266
"627",2,17,"AE",0.00685242695384119,0.00181860956498639,0.0965472261887681,721,0.0547501641355618,0.178195345594454
"628",3,17,"AA",0.0083415399879999,0.00134767007337779,0.0667143395019264,445,0.0547501641355618,-0.0805798309786503
"629",4,17,"EH",0.00742732934769624,0.00181553905650815,0.0714655567035739,963,0.0547501641355618,0.442268160030793
"630",5,17,"ER",0.0114532311297009,0.00113555979210289,0.075639771805552,752,0.0547501641355618,0.109340175645342
"631",6,17,"IH",0.0153153463093826,0.0014827714721394,0.0867145403615992,1870,0.0547501641355618,1.09377258921892
"632",7,17,"UH",0.00327396259915255,0.0010863614740065,0.0587457890645245,227,0.0547501641355618,-0.299707008562306
"633",8,17,"AH",0.0225944816727522,0.00136754871680927,0.0807211757690554,3655,0.0547501641355618,2.58038411394545
"634",9,17,"AO",0.00766829867574706,0.00118668190747364,0.0825443974713865,581,0.0547501641355618,-0.0400918517598378
"635",10,17,"UW",0.00548372744441422,0.000400953986541076,0.0777486269035067,404,0.0547501641355618,-0.345063009438588
"636",11,17,"EY",0.00990041606040767,0.00138742584333512,0.0705445874741546,517,0.0547501641355618,-0.0211386760884783
"637",12,17,"AY",0.00867666580792222,0.00165481732553812,0.104103788480248,626,0.0547501641355618,0.0448125156899024
"638",13,17,"OY",0.00503159452237532,0.00131532865205995,0.0759958427815571,110,0.0547501641355618,-0.391256636933837
"639",14,17,"AW",0.00716683832488378,0.00107779344658308,0.0891044382769122,264,0.0547501641355618,-0.345373540325152
"640",15,17,"Y",0.00239764812275893,0.000935986158943444,0.0892936288088643,190,0.0547501641355618,-0.438273639908495
"641",16,17,"L",0.0165137178160049,0.000786110998691261,0.081077346743295,1392,0.0547501641355618,0.557609288530301
"642",17,17,"R",0.0063668467650471,0.000993281857759541,0.0871358522814834,1133,0.0547501641355618,0.369929843107751
"643",18,17,"W",0.012897956948624,0.000919283271384285,0.0908071430362082,946,0.0547501641355618,0.188239174952638
"644",19,17,"B",0.00956022295704738,0.000403625175120417,0.0911795856273544,725,0.0547501641355618,-0.108481381325849
"645",20,17,"D",0.00994650245812641,0.000341282883644099,0.0512883829440841,1761,0.0547501641355618,0.845084878168923
"646",21,17,"F",0.00975124300913501,0.000292244217722313,0.0708181578769814,715,0.0547501641355618,-0.090534787550664
"647",22,17,"HH",0.0103326178408995,0.000684288372967306,0.0639679505333711,1070,0.0547501641355618,0.308008144732145
"648",23,17,"K",0.00944515828564266,0.000461956167797811,0.0588740437098577,931,0.0547501641355618,0.156379915052818
"649",24,17,"M",0.00674086618829464,0.000550208846986773,0.0864963795975907,952,0.0547501641355618,0.124796581240318
"650",25,17,"N",0.0186584683097726,0.00057602868506816,0.0740142743429722,2373,0.0547501641355618,1.35246050231682
"651",26,17,"P",0.0101210892967904,0.000305570632967636,0.0681395797185271,455,0.0547501641355618,-0.299056355175201
"652",27,17,"S",0.0110400766813802,0.000948525612409763,0.0790466853234765,1278,0.0547501641355618,0.501848580090108
"653",28,17,"T",0.0269994770536702,0.000466818955681696,0.0793627160005276,2432,0.0547501641355618,1.36533256954283
"654",29,17,"V",0.00360120687624522,0.000469294606457141,0.0677070707070707,500,0.0547501641355618,-0.225172445641255
"655",30,17,"Z",0.00980548171137243,0.00073303591417808,0.0781659665663903,944,0.0547501641355618,0.177812622902732
"656",31,17,"DH",0.0117791995085084,0.000347551508749001,0.0830093900322182,1577,0.0547501641355618,0.61395462127031
"657",32,17,"NG",0.0097515536353251,0.000873032155809849,0.072608975679201,382,0.0547501641355618,-0.249658109011606
"658",33,17,"G",0.00670040313864368,0.000656145512334235,0.120695690705661,295,0.0547501641355618,-0.487642215301445
"659",34,17,"SH",0.00658571433204584,0.00142886829463055,0.0621017184253231,279,0.0547501641355618,-0.190977558369341
"660",35,17,"CH",0.0044965211853771,0.000752329674439643,0.0553734770744456,118,0.0547501641355618,-0.454368008520871
"661",36,17,"TH",0.0051753936570198,0.000385290311645358,0.0890994916485112,210,0.0547501641355618,-0.539054233056171
"662",37,17,"ZH",0.000440800513248435,0.000871052700346704,0.12175,5,0.0547501641355618,-0.687315647010126
"663",38,17,"JH",0.00312521442369103,0.000975818317960424,0.0738917367191333,83,0.0547501641355618,-0.481470502177309
"664",0,18,"IY",0.00966525270228443,0.00123786941126436,0.0659998099256809,1349,0.0492347293783587,0.467817432767687
"665",1,18,"OW",0.00741176819409981,0.00120393808365015,0.0707050797454422,607,0.0492347293783587,-0.173142709507383
"666",2,18,"AE",0.00941144042372678,0.00181860956498639,0.0965472261887681,721,0.0492347293783587,-0.00954251078155516
"667",3,18,"AA",0.00842924782860951,0.00134767007337779,0.0667143395019264,445,0.0492347293783587,-0.26831768735466
"668",4,18,"EH",0.00695320724489908,0.00181553905650815,0.0714655567035739,963,0.0492347293783587,0.254530303654783
"669",5,18,"ER",0.00774713123933261,0.00113555979210289,0.075639771805552,752,0.0492347293783587,-0.0783976807306678
"670",6,18,"IH",0.0137921037383874,0.0014827714721394,0.0867145403615992,1870,0.0492347293783587,0.906034732842915
"671",7,18,"UH",0.00292890152457872,0.0010863614740065,0.0587457890645245,227,0.0492347293783587,-0.487444864938316
"672",8,18,"AH",0.0180759905569866,0.00136754871680927,0.0807211757690554,3655,0.0492347293783587,2.39264625756944
"673",9,18,"AO",0.00876448804588767,0.00118668190747364,0.0825443974713865,581,0.0492347293783587,-0.227829708135847
"674",10,18,"UW",0.00746657695494174,0.000400953986541076,0.0777486269035067,404,0.0492347293783587,-0.532800865814598
"675",11,18,"EY",0.00711260804174975,0.00138742584333512,0.0705445874741546,517,0.0492347293783587,-0.208876532464488
"676",12,18,"AY",0.00744451817661202,0.00165481732553812,0.104103788480248,626,0.0492347293783587,-0.142925340686107
"677",13,18,"OY",0.00490157406595387,0.00131532865205995,0.0759958427815571,110,0.0492347293783587,-0.578994493309847
"678",14,18,"AW",0.0084675522843998,0.00107779344658308,0.0891044382769122,264,0.0492347293783587,-0.533111396701161
"679",15,18,"Y",0.00420627319217203,0.000935986158943444,0.0892936288088643,190,0.0492347293783587,-0.626011496284505
"680",16,18,"L",0.010761094163982,0.000786110998691261,0.081077346743295,1392,0.0492347293783587,0.369871432154292
"681",17,18,"R",0.00562758099011755,0.000993281857759541,0.0871358522814834,1133,0.0492347293783587,0.182191986731742
"682",18,18,"W",0.0104688287356949,0.000919283271384285,0.0908071430362082,946,0.0492347293783587,0.000501318576628263
"683",19,18,"B",0.0102482959556825,0.000403625175120417,0.0911795856273544,725,0.0492347293783587,-0.296219237701859
"684",20,18,"D",0.0119114034691245,0.000341282883644099,0.0512883829440841,1761,0.0492347293783587,0.657347021792914
"685",21,18,"F",0.00663552965453201,0.000292244217722313,0.0708181578769814,715,0.0492347293783587,-0.278272643926674
"686",22,18,"HH",0.00637613514312454,0.000684288372967306,0.0639679505333711,1070,0.0492347293783587,0.120270288356136
"687",23,18,"K",0.0158246212006643,0.000461956167797811,0.0588740437098577,931,0.0492347293783587,-0.0313579413231913
"688",24,18,"M",0.00596210804781474,0.000550208846986773,0.0864963795975907,952,0.0492347293783587,-0.0629412751356917
"689",25,18,"N",0.00812328579187279,0.00057602868506816,0.0740142743429722,2373,0.0492347293783587,1.16472264594081
"690",26,18,"P",0.00790199623062596,0.000305570632967636,0.0681395797185271,455,0.0492347293783587,-0.48679421155121
"691",27,18,"S",0.0104879919061862,0.000948525612409763,0.0790466853234765,1278,0.0492347293783587,0.314110723714099
"692",28,18,"T",0.0169849176909128,0.000466818955681696,0.0793627160005276,2432,0.0492347293783587,1.17759471316682
"693",29,18,"V",0.0044481378240366,0.000469294606457141,0.0677070707070707,500,0.0492347293783587,-0.412910302017265
"694",30,18,"Z",0.00783913224838814,0.00073303591417808,0.0781659665663903,944,0.0492347293783587,-0.00992523347327722
"695",31,18,"DH",0.0126308653801331,0.000347551508749001,0.0830093900322182,1577,0.0492347293783587,0.426216764894301
"696",32,18,"NG",0.00624580933443187,0.000873032155809849,0.072608975679201,382,0.0492347293783587,-0.437395965387615
"697",33,18,"G",0.00446876399241381,0.000656145512334235,0.120695690705661,295,0.0492347293783587,-0.675380071677455
"698",34,18,"SH",0.00764317302478577,0.00142886829463055,0.0621017184253231,279,0.0492347293783587,-0.378715414745351
"699",35,18,"CH",0.00724318943469661,0.000752329674439643,0.0553734770744456,118,0.0492347293783587,-0.642105864896881
"700",36,18,"TH",0.00360888242658817,0.000385290311645358,0.0890994916485112,210,0.0492347293783587,-0.72679208943218
"701",37,18,"ZH",0.00038745907061389,0.000871052700346704,0.12175,5,0.0492347293783587,-0.875053503386135
"702",38,18,"JH",0.00311374441839886,0.000975818317960424,0.0738917367191333,83,0.0492347293783587,-0.669208358553319
"703",0,19,"IY",0.0168230990248785,0.00123786941126436,0.0659998099256809,1349,0.054855740364911,0.413286826586911
"704",1,19,"OW",0.00757759670613154,0.00120393808365015,0.0707050797454422,607,0.054855740364911,-0.227673315688159
"705",2,19,"AE",0.00873370043438904,0.00181860956498639,0.0965472261887681,721,0.054855740364911,-0.064073116962331
"706",3,19,"AA",0.00765119316162001,0.00134767007337779,0.0667143395019264,445,0.054855740364911,-0.322848293535436
"707",4,19,"EH",0.00682012682217485,0.00181553905650815,0.0714655567035739,963,0.054855740364911,0.199999697474007
"708",5,19,"ER",0.011188810878513,0.00113555979210289,0.075639771805552,752,0.054855740364911,-0.132928286911444
"709",6,19,"IH",0.0105591160021348,0.0014827714721394,0.0867145403615992,1870,0.054855740364911,0.851504126662139
"710",7,19,"UH",0.00381513896965317,0.0010863614740065,0.0587457890645245,227,0.054855740364911,-0.541975471119092
"711",8,19,"AH",0.0161887292899585,0.00136754871680927,0.0807211757690554,3655,0.054855740364911,2.33811565138867
"712",9,19,"AO",0.00907791519713462,0.00118668190747364,0.0825443974713865,581,0.054855740364911,-0.282360314316623
"713",10,19,"UW",0.005708153189955,0.000400953986541076,0.0777486269035067,404,0.054855740364911,-0.587331471995374
"714",11,19,"EY",0.00555808309221899,0.00138742584333512,0.0705445874741546,517,0.054855740364911,-0.263407138645264
"715",12,19,"AY",0.0111608226335599,0.00165481732553812,0.104103788480248,626,0.054855740364911,-0.197455946866883
"716",13,19,"OY",0.00381231177784355,0.00131532865205995,0.0759958427815571,110,0.054855740364911,-0.633525099490623
"717",14,19,"AW",0.00829355206298958,0.00107779344658308,0.0891044382769122,264,0.054855740364911,-0.587642002881937
"718",15,19,"Y",0.00409334562112919,0.000935986158943444,0.0892936288088643,190,0.054855740364911,-0.680542102465281
"719",16,19,"L",0.0120262358971516,0.000786110998691261,0.081077346743295,1392,0.054855740364911,0.315340825973516
"720",17,19,"R",0.00848858011692461,0.000993281857759541,0.0871358522814834,1133,0.054855740364911,0.127661380550966
"721",18,19,"W",0.0126591729267493,0.000919283271384285,0.0908071430362082,946,0.054855740364911,-0.0540292876041476
"722",19,19,"B",0.00808791796575716,0.000403625175120417,0.0911795856273544,725,0.054855740364911,-0.350749843882635
"723",20,19,"D",0.0105794683827972,0.000341282883644099,0.0512883829440841,1761,0.054855740364911,0.602816415612138
"724",21,19,"F",0.011954444969014,0.000292244217722313,0.0708181578769814,715,0.054855740364911,-0.332803250107449
"725",22,19,"HH",0.00914840215913647,0.000684288372967306,0.0639679505333711,1070,0.054855740364911,0.06573968217536
"726",23,19,"K",0.01404804665926,0.000461956167797811,0.0588740437098577,931,0.054855740364911,-0.0858885475039672
"727",24,19,"M",0.00799461301586355,0.000550208846986773,0.0864963795975907,952,0.054855740364911,-0.117471881316468
"728",25,19,"N",0.0143619350019451,0.00057602868506816,0.0740142743429722,2373,0.054855740364911,1.11019203976003
"729",26,19,"P",0.0108691113699283,0.000305570632967636,0.0681395797185271,455,0.054855740364911,-0.541324817731986
"730",27,19,"S",0.00951149531817239,0.000948525612409763,0.0790466853234765,1278,0.054855740364911,0.259580117533323
"731",28,19,"T",0.0224085925567117,0.000466818955681696,0.0793627160005276,2432,0.054855740364911,1.12306410698604
"732",29,19,"V",0.00456735289345315,0.000469294606457141,0.0677070707070707,500,0.054855740364911,-0.467440908198041
"733",30,19,"Z",0.0117713935820614,0.00073303591417808,0.0781659665663903,944,0.054855740364911,-0.0644558396540531
"734",31,19,"DH",0.00992435347426328,0.000347551508749001,0.0830093900322182,1577,0.054855740364911,0.371686158713525
"735",32,19,"NG",0.00547677409182462,0.000873032155809849,0.072608975679201,382,0.054855740364911,-0.491926571568391
"736",33,19,"G",0.00440195325108381,0.000656145512334235,0.120695690705661,295,0.054855740364911,-0.72991067785823
"737",34,19,"SH",0.00647506932463056,0.00142886829463055,0.0621017184253231,279,0.054855740364911,-0.433246020926127
"738",35,19,"CH",0.0042220741029055,0.000752329674439643,0.0553734770744456,118,0.054855740364911,-0.696636471077656
"739",36,19,"TH",0.00515743904096309,0.000385290311645358,0.0890994916485112,210,0.054855740364911,-0.781322695612956
"740",37,19,"ZH",0.000381345318154666,0.000871052700346704,0.12175,5,0.054855740364911,-0.929584109566911
"741",38,19,"JH",0.00228963898990578,0.000975818317960424,0.0738917367191333,83,0.054855740364911,-0.723738964734094
