"","subject","phoneme","weight","avar","pvar","count","weight_sim"
"1",1,"IY",0.685600527035219,0.00123786941126436,0.0659998099256809,1349,0.117475258995422
"2",1,"OW",0.647263648050553,0.00120393808365015,0.0707050797454422,607,-0.517105734847399
"3",1,"AE",-0.626248815545655,0.00181860956498639,0.0965472261887681,721,-0.281716429647071
"4",1,"AA",-0.379485171668374,0.00134767007337779,0.0667143395019264,445,-0.623790304469335
"5",1,"EH",-0.619398086193888,0.00181553905650815,0.0714655567035739,963,-0.0825596809287106
"6",1,"ER",-0.742029897931126,0.00113555979210289,0.075639771805552,752,-0.40823411251689
"7",1,"IH",-0.314973395937481,0.0014827714721394,0.0867145403615992,1870,0.615961780981317
"8",1,"UH",-1.30723518156983,0.0010863614740065,0.0587457890645245,227,-0.866774809451945
"9",1,"AH",0.336620946169561,0.00136754871680927,0.0807211757690554,3655,2.1008057804603
"10",1,"AO",-0.30382508555453,0.00118668190747364,0.0825443974713865,581,-0.540488962194822
"11",1,"UW",-0.373167207311998,0.000400953986541076,0.0777486269035067,404,-0.86218327326409
"12",1,"EY",0.0480682260781094,0.00138742584333512,0.0705445874741546,517,-0.553421371061336
"13",1,"AY",-0.56429411717416,0.00165481732553812,0.104103788480248,626,-0.39624368174365
"14",1,"OY",-0.80058046501056,0.00131532865205995,0.0759958427815571,110,-0.912555642259955
"15",1,"AW",-0.390770017229943,0.00107779344658308,0.0891044382769122,264,-0.831211717650846
"16",1,"Y",-1.28411130650954,0.000935986158943444,0.0892936288088643,190,-0.924660951230765
"17",1,"L",0.254594594021661,0.000786110998691261,0.081077346743295,1392,0.0586552407813872
"18",1,"R",-0.512458772877367,0.000993281857759541,0.0871358522814834,1133,-0.114327725525363
"19",1,"W",0.0230243304605359,0.000919283271384285,0.0908071430362082,946,-0.287990288247881
"20",1,"B",-0.410719451654052,0.000403625175120417,0.0911795856273544,725,-0.587156261656306
"21",1,"D",0.952884687589474,0.000341282883644099,0.0512883829440841,1761,0.268300166847703
"22",1,"F",-1.06712413093471,0.000292244217722313,0.0708181578769814,715,-0.623940085607487
"23",1,"HH",-1.06626569621704,0.000684288372967306,0.0639679505333711,1070,-0.239522490369469
"24",1,"K",0.27013839638808,0.000461956167797811,0.0588740437098577,931,-0.406573784044997
"25",1,"M",-0.190038471166732,0.000550208846986773,0.0864963795975907,952,-0.364048138943564
"26",1,"N",0.43864466299691,0.00057602868506816,0.0740142743429722,2373,0.842019078511312
"27",1,"P",-0.572752564699479,0.000305570632967636,0.0681395797185271,455,-0.841685763648066
"28",1,"S",-0.111691112340718,0.000948525612409763,0.0790466853234765,1278,-0.00293706677311439
"29",1,"T",0.515429055055814,0.000466818955681696,0.0793627160005276,2432,0.869289274645215
"30",1,"V",-1.15841690055027,0.000469294606457141,0.0677070707070707,500,-0.768068991427418
"31",1,"Z",-0.193037054792304,0.00073303591417808,0.0781659665663903,944,-0.332732209062691
"32",1,"DH",-0.248155858993308,0.000347551508749001,0.0830093900322182,1577,0.120274333834757
"33",1,"NG",-0.951543731641749,0.000873032155809849,0.072608975679201,382,-0.779168037379236
"34",1,"G",-0.687124273279056,0.000656145512334235,0.120695690705661,295,-0.890321464404635
"35",1,"SH",-0.676696415365492,0.00142886829463055,0.0621017184253231,279,-0.747586700536871
"36",1,"CH",-1.20027646855625,0.000752329674439643,0.0553734770744456,118,-1.03237686826998
"37",1,"TH",-1.32510912563926,0.000385290311645358,0.0890994916485112,210,-1.02754037330453
"38",1,"JH",-1.32988804595137,0.000975818317960424,0.0738917367191333,83,-1.0096763607482
"39",2,"IY",1.13957492938818,0.00123786941126436,0.0659998099256809,1349,0.267028083471922
"40",2,"OW",0.510665136561975,0.00120393808365015,0.0707050797454422,607,-0.3675529103709
"41",2,"AE",0.589964369744439,0.00181860956498639,0.0965472261887681,721,-0.132163605170572
"42",2,"AA",0.0619735893056953,0.00134767007337779,0.0667143395019264,445,-0.474237479992836
"43",2,"EH",-0.499540223486811,0.00181553905650815,0.0714655567035739,963,0.066993143547789
"44",2,"ER",-0.588791022028713,0.00113555979210289,0.075639771805552,752,-0.25868128804039
"45",2,"IH",0.766138524939709,0.0014827714721394,0.0867145403615992,1870,0.765514605457816
"46",2,"UH",-1.42662996607445,0.0010863614740065,0.0587457890645245,227,-0.717221984975445
"47",2,"AH",1.79707207928681,0.00136754871680927,0.0807211757690554,3655,2.2503586049368
"48",2,"AO",0.614815278248699,0.00118668190747364,0.0825443974713865,581,-0.390936137718323
"49",2,"UW",-0.447217849843925,0.000400953986541076,0.0777486269035067,404,-0.71263044878759
"50",2,"EY",-0.728367770318707,0.00138742584333512,0.0705445874741546,517,-0.403868546584836
"51",2,"AY",0.683972871756034,0.00165481732553812,0.104103788480248,626,-0.24669085726715
"52",2,"OY",-1.16086365198061,0.00131532865205995,0.0759958427815571,110,-0.763002817783455
"53",2,"AW",0.775900755501866,0.00107779344658308,0.0891044382769122,264,-0.681658893174346
"54",2,"Y",-0.867874690062165,0.000935986158943444,0.0892936288088643,190,-0.775108126754265
"55",2,"L",1.12527406237455,0.000786110998691261,0.081077346743295,1392,0.208208065257887
"56",2,"R",-0.67741486923898,0.000993281857759541,0.0871358522814834,1133,0.0352250989511365
"57",2,"W",0.0814595481854696,0.000919283271384285,0.0908071430362082,946,-0.138437463771381
"58",2,"B",-0.354354656362626,0.000403625175120417,0.0911795856273544,725,-0.437603437179807
"59",2,"D",-0.229160445545157,0.000341282883644099,0.0512883829440841,1761,0.417852991324203
"60",2,"F",-0.183606369737724,0.000292244217722313,0.0708181578769814,715,-0.474387261130987
"61",2,"HH",-0.362871130860257,0.000684288372967306,0.0639679505333711,1070,-0.0899696658929695
"62",2,"K",-0.0159852766390766,0.000461956167797811,0.0588740437098577,931,-0.257020959568497
"63",2,"M",0.766566904492297,0.000550208846986773,0.0864963795975907,952,-0.214495314467064
"64",2,"N",0.325300998581971,0.00057602868506816,0.0740142743429722,2373,0.991571902987812
"65",2,"P",0.00702404389320568,0.000305570632967636,0.0681395797185271,455,-0.692132939171566
"66",2,"S",0.616675645201703,0.000948525612409763,0.0790466853234765,1278,0.146615757703385
"67",2,"T",2.10259489878752,0.000466818955681696,0.0793627160005276,2432,1.01884209912172
"68",2,"V",-0.944053174140652,0.000469294606457141,0.0677070707070707,500,-0.618516166950919
"69",2,"Z",-0.264187924863242,0.00073303591417808,0.0781659665663903,944,-0.183179384586191
"70",2,"DH",-0.200094891021318,0.000347551508749001,0.0830093900322182,1577,0.269827158311256
"71",2,"NG",-0.690869383181136,0.000873032155809849,0.072608975679201,382,-0.629615212902736
"72",2,"G",-0.92154937543399,0.000656145512334235,0.120695690705661,295,-0.740768639928135
"73",2,"SH",-0.365820294314677,0.00142886829463055,0.0621017184253231,279,-0.598033876060371
"74",2,"CH",-1.00778965584699,0.000752329674439643,0.0553734770744456,118,-0.882824043793476
"75",2,"TH",-1.06702032958844,0.000385290311645358,0.0890994916485112,210,-0.877987548828028
"76",2,"JH",-1.48725715614645,0.000975818317960424,0.0738917367191333,83,-0.860123536271697
"77",3,"IY",1.41277754290453,0.00123786941126436,0.0659998099256809,1349,0.195885646564301
"78",3,"OW",-0.657509629049109,0.00120393808365015,0.0707050797454422,607,-0.438695347278521
"79",3,"AE",0.16583094345302,0.00181860956498639,0.0965472261887681,721,-0.203306042078193
"80",3,"AA",-0.337433797173501,0.00134767007337779,0.0667143395019264,445,-0.545379916900457
"81",3,"EH",-0.85487032973193,0.00181553905650815,0.0714655567035739,963,-0.00414929335983246
"82",3,"ER",0.261494010047587,0.00113555979210289,0.075639771805552,752,-0.329823724948012
"83",3,"IH",-0.340307948018371,0.0014827714721394,0.0867145403615992,1870,0.694372168550195
"84",3,"UH",-1.5318585397051,0.0010863614740065,0.0587457890645245,227,-0.788364421883067
"85",3,"AH",2.23398952372538,0.00136754871680927,0.0807211757690554,3655,2.17921616802918
"86",3,"AO",0.670736808986835,0.00118668190747364,0.0825443974713865,581,-0.462078574625944
"87",3,"UW",-1.00367970697011,0.000400953986541076,0.0777486269035067,404,-0.783772885695212
"88",3,"EY",-0.853231467820056,0.00138742584333512,0.0705445874741546,517,-0.475010983492458
"89",3,"AY",0.0668399593717655,0.00165481732553812,0.104103788480248,626,-0.317833294174772
"90",3,"OY",-1.12457628935687,0.00131532865205995,0.0759958427815571,110,-0.834145254691077
"91",3,"AW",0.261531855922791,0.00107779344658308,0.0891044382769122,264,-0.752801330081968
"92",3,"Y",-1.31164044613409,0.000935986158943444,0.0892936288088643,190,-0.846250563661886
"93",3,"L",-0.236154568825205,0.000786110998691261,0.081077346743295,1392,0.137065628350265
"94",3,"R",-0.685615612423326,0.000993281857759541,0.0871358522814834,1133,-0.035917337956485
"95",3,"W",0.318298617764818,0.000919283271384285,0.0908071430362082,946,-0.209579900679002
"96",3,"B",-0.371473213083004,0.000403625175120417,0.0911795856273544,725,-0.508745874087428
"97",3,"D",0.563970141254876,0.000341282883644099,0.0512883829440841,1761,0.346710554416581
"98",3,"F",-0.285448423705592,0.000292244217722313,0.0708181578769814,715,-0.545529698038609
"99",3,"HH",0.0601413607562317,0.000684288372967306,0.0639679505333711,1070,-0.161112102800591
"100",3,"K",0.149646090252435,0.000461956167797811,0.0588740437098577,931,-0.328163396476119
"101",3,"M",-0.593791175512972,0.000550208846986773,0.0864963795975907,952,-0.285637751374686
"102",3,"N",1.01519337073701,0.00057602868506816,0.0740142743429722,2373,0.92042946608019
"103",3,"P",-0.797414124128506,0.000305570632967636,0.0681395797185271,455,-0.763275376079188
"104",3,"S",-0.632249477162503,0.000948525612409763,0.0790466853234765,1278,0.0754733207957638
"105",3,"T",2.72304233165951,0.000466818955681696,0.0793627160005276,2432,0.947699662214094
"106",3,"V",-0.967126248251818,0.000469294606457141,0.0677070707070707,500,-0.68965860385854
"107",3,"Z",0.647395054237289,0.00073303591417808,0.0781659665663903,944,-0.254321821493813
"108",3,"DH",0.187475994647674,0.000347551508749001,0.0830093900322182,1577,0.198684721403635
"109",3,"NG",-0.763094796511702,0.000873032155809849,0.072608975679201,382,-0.700757649810358
"110",3,"G",-1.21356949157142,0.000656145512334235,0.120695690705661,295,-0.811911076835757
"111",3,"SH",0.248498850781069,0.00142886829463055,0.0621017184253231,279,-0.669176312967993
"112",3,"CH",-1.40664332609203,0.000752329674439643,0.0553734770744456,118,-0.953966480701097
"113",3,"TH",-1.31525390054377,0.000385290311645358,0.0890994916485112,210,-0.949129985735649
"114",3,"JH",-1.52505932431815,0.000975818317960424,0.0738917367191333,83,-0.931265973179318
"115",4,"IY",2.00009611391196,0.00123786941126436,0.0659998099256809,1349,0.667229335100495
"116",4,"OW",0.915269304993745,0.00120393808365015,0.0707050797454422,607,0.0326483412576728
"117",4,"AE",0.146136847403097,0.00181860956498639,0.0965472261887681,721,0.268037646458001
"118",4,"AA",0.256852989224257,0.00134767007337779,0.0667143395019264,445,-0.0740362283642631
"119",4,"EH",0.163256461726065,0.00181553905650815,0.0714655567035739,963,0.467194395176362
"120",4,"ER",1.20396326257738,0.00113555979210289,0.075639771805552,752,0.141519963588182
"121",4,"IH",0.869147040302926,0.0014827714721394,0.0867145403615992,1870,1.16571585708639
"122",4,"UH",-0.871229720048045,0.0010863614740065,0.0587457890645245,227,-0.317020733346873
"123",4,"AH",5.44585541259865,0.00136754871680927,0.0807211757690554,3655,2.65055985656538
"124",4,"AO",0.660232112456504,0.00118668190747364,0.0825443974713865,581,0.00926511391024982
"125",4,"UW",-0.198307901530257,0.000400953986541076,0.0777486269035067,404,-0.312429197159018
"126",4,"EY",0.351180985371997,0.00138742584333512,0.0705445874741546,517,-0.00366729495626366
"127",4,"AY",1.8227587265079,0.00165481732553812,0.104103788480248,626,0.153510394361422
"128",4,"OY",-0.390481248188319,0.00131532865205995,0.0759958427815571,110,-0.362801566154883
"129",4,"AW",0.00278852341072044,0.00107779344658308,0.0891044382769122,264,-0.281457641545774
"130",4,"Y",-1.02917375652486,0.000935986158943444,0.0892936288088643,190,-0.374906875125692
"131",4,"L",2.12555958443911,0.000786110998691261,0.081077346743295,1392,0.608409316886459
"132",4,"R",0.0876119860727923,0.000993281857759541,0.0871358522814834,1133,0.435426350579709
"133",4,"W",2.55941481354515,0.000919283271384285,0.0908071430362082,946,0.261763787857192
"134",4,"B",0.536527789434845,0.000403625175120417,0.0911795856273544,725,-0.0374021855512341
"135",4,"D",3.57094201653946,0.000341282883644099,0.0512883829440841,1761,0.818054242952775
"136",4,"F",1.50063607020308,0.000292244217722313,0.0708181578769814,715,-0.0741860095024147
"137",4,"HH",0.760434206668123,0.000684288372967306,0.0639679505333711,1070,0.310231585735603
"138",4,"K",1.46741550272867,0.000461956167797811,0.0588740437098577,931,0.143180292060075
"139",4,"M",-0.263692234689706,0.000550208846986773,0.0864963795975907,952,0.185705937161508
"140",4,"N",0.549432453299324,0.00057602868506816,0.0740142743429722,2373,1.39177315461638
"141",4,"P",1.25731382373594,0.000305570632967636,0.0681395797185271,455,-0.291931687542994
"142",4,"S",1.19691498674832,0.000948525612409763,0.0790466853234765,1278,0.546817009331958
"143",4,"T",4.19814870200465,0.000466818955681696,0.0793627160005276,2432,1.41904335075029
"144",4,"V",-0.597865595451601,0.000469294606457141,0.0677070707070707,500,-0.218314915322346
"145",4,"Z",1.1401890125587,0.00073303591417808,0.0781659665663903,944,0.217021867042381
"146",4,"DH",0.785161238841995,0.000347551508749001,0.0830093900322182,1577,0.670028409939829
"147",4,"NG",-0.440512169962901,0.000873032155809849,0.072608975679201,382,-0.229413961274164
"148",4,"G",-0.699695470320911,0.000656145512334235,0.120695690705661,295,-0.340567388299563
"149",4,"SH",0.263110389302627,0.00142886829463055,0.0621017184253231,279,-0.197832624431799
"150",4,"CH",-0.682314992539626,0.000752329674439643,0.0553734770744456,118,-0.482622792164903
"151",4,"TH",-0.962458837655436,0.000385290311645358,0.0890994916485112,210,-0.477786297199455
"152",4,"JH",-1.22970970672198,0.000975818317960424,0.0738917367191333,83,-0.459922284643124
"153",5,"IY",0.37800383913108,0.00123786941126436,0.0659998099256809,1349,0.307162442417167
"154",5,"OW",-0.269230283086887,0.00120393808365015,0.0707050797454422,607,-0.327418551425655
"155",5,"AE",-0.0265523093450355,0.00181860956498639,0.0965472261887681,721,-0.092029246225327
"156",5,"AA",-0.163988735680144,0.00134767007337779,0.0667143395019264,445,-0.434103121047591
"157",5,"EH",-0.424774215733033,0.00181553905650815,0.0714655567035739,963,0.107127502493034
"158",5,"ER",0.213419247206323,0.00113555979210289,0.075639771805552,752,-0.218546929095145
"159",5,"IH",-0.134542635367921,0.0014827714721394,0.0867145403615992,1870,0.805648964403061
"160",5,"UH",-1.47793056036499,0.0010863614740065,0.0587457890645245,227,-0.677087626030201
"161",5,"AH",0.996193330074218,0.00136754871680927,0.0807211757690554,3655,2.29049296388205
"162",5,"AO",-0.636084260236829,0.00118668190747364,0.0825443974713865,581,-0.350801778773078
"163",5,"UW",0.0670485055987577,0.000400953986541076,0.0777486269035067,404,-0.672496089842345
"164",5,"EY",-0.226127490754916,0.00138742584333512,0.0705445874741546,517,-0.363734187639591
"165",5,"AY",0.810818656885855,0.00165481732553812,0.104103788480248,626,-0.206556498321905
"166",5,"OY",-1.32790982688342,0.00131532865205995,0.0759958427815571,110,-0.72286845883821
"167",5,"AW",-0.706690359505343,0.00107779344658308,0.0891044382769122,264,-0.641524534229101
"168",5,"Y",-1.30879907886542,0.000935986158943444,0.0892936288088643,190,-0.73497376780902
"169",5,"L",0.1870472748135,0.000786110998691261,0.081077346743295,1392,0.248342424203132
"170",5,"R",-0.729434638216135,0.000993281857759541,0.0871358522814834,1133,0.0753594578963813
"171",5,"W",0.445458876248705,0.000919283271384285,0.0908071430362082,946,-0.0983031048261363
"172",5,"B",-0.461271089603599,0.000403625175120417,0.0911795856273544,725,-0.397469078234562
"173",5,"D",0.305461561371777,0.000341282883644099,0.0512883829440841,1761,0.457987350269447
"174",5,"F",-0.565637571376444,0.000292244217722313,0.0708181578769814,715,-0.434252902185742
"175",5,"HH",-0.540583044376566,0.000684288372967306,0.0639679505333711,1070,-0.0498353069477248
"176",5,"K",0.171902019138976,0.000461956167797811,0.0588740437098577,931,-0.216886600623253
"177",5,"M",0.520404612607392,0.000550208846986773,0.0864963795975907,952,-0.17436095552182
"178",5,"N",0.173073893223081,0.00057602868506816,0.0740142743429722,2373,1.03170626193306
"179",5,"P",0.969674249010894,0.000305570632967636,0.0681395797185271,455,-0.651998580226322
"180",5,"S",0.237001302886398,0.000948525612409763,0.0790466853234765,1278,0.18675011664863
"181",5,"T",1.68577860004611,0.000466818955681696,0.0793627160005276,2432,1.05897645806696
"182",5,"V",-0.826115221925698,0.000469294606457141,0.0677070707070707,500,-0.578381808005674
"183",5,"Z",0.00624914445763387,0.00073303591417808,0.0781659665663903,944,-0.143045025640946
"184",5,"DH",-0.260066572857619,0.000347551508749001,0.0830093900322182,1577,0.309961517256501
"185",5,"NG",-0.45586163908303,0.000873032155809849,0.072608975679201,382,-0.589480853957492
"186",5,"G",-0.59691796524177,0.000656145512334235,0.120695690705661,295,-0.70063428098289
"187",5,"SH",0.0220193950348571,0.00142886829463055,0.0621017184253231,279,-0.557899517115126
"188",5,"CH",-0.9368821143436,0.000752329674439643,0.0553734770744456,118,-0.842689684848231
"189",5,"TH",-1.32036560702834,0.000385290311645358,0.0890994916485112,210,-0.837853189882783
"190",5,"JH",-0.774947318012647,0.000975818317960424,0.0738917367191333,83,-0.819989177326452
"191",6,"IY",0.561503312629656,0.00123786941126436,0.0659998099256809,1349,0.42976333504295
"192",6,"OW",1.39340908231568,0.00120393808365015,0.0707050797454422,607,-0.204817658799872
"193",6,"AE",0.963175525423693,0.00181860956498639,0.0965472261887681,721,0.0305716464004563
"194",6,"AA",-0.126559006555192,0.00134767007337779,0.0667143395019264,445,-0.311502228421808
"195",6,"EH",0.161318138789034,0.00181553905650815,0.0714655567035739,963,0.229728395118817
"196",6,"ER",1.92576966635464,0.00113555979210289,0.075639771805552,752,-0.0959460364693621
"197",6,"IH",0.654491970875516,0.0014827714721394,0.0867145403615992,1870,0.928249857028844
"198",6,"UH",-0.977327891420168,0.0010863614740065,0.0587457890645245,227,-0.554486733404417
"199",6,"AH",2.30351003684059,0.00136754871680927,0.0807211757690554,3655,2.41309385650783
"200",6,"AO",1.2473175619915,0.00118668190747364,0.0825443974713865,581,-0.228200886147295
"201",6,"UW",-0.484015952226743,0.000400953986541076,0.0777486269035067,404,-0.549895197216562
"202",6,"EY",0.725621012480963,0.00138742584333512,0.0705445874741546,517,-0.241133295013808
"203",6,"AY",0.0351739038576342,0.00165481732553812,0.104103788480248,626,-0.083955605696122
"204",6,"OY",-0.611243788861785,0.00131532865205995,0.0759958427815571,110,-0.600267566212427
"205",6,"AW",0.229838792227051,0.00107779344658308,0.0891044382769122,264,-0.518923641603318
"206",6,"Y",-1.34724035519695,0.000935986158943444,0.0892936288088643,190,-0.612372875183237
"207",6,"L",1.59870643152269,0.000786110998691261,0.081077346743295,1392,0.370943316828915
"208",6,"R",-0.619569478326678,0.000993281857759541,0.0871358522814834,1133,0.197960350522165
"209",6,"W",0.0499580578765489,0.000919283271384285,0.0908071430362082,946,0.0242977877996471
"210",6,"B",0.149104274847183,0.000403625175120417,0.0911795856273544,725,-0.274868185608779
"211",6,"D",0.414820075612077,0.000341282883644099,0.0512883829440841,1761,0.580588242895231
"212",6,"F",0.871310713473324,0.000292244217722313,0.0708181578769814,715,-0.311652009559959
"213",6,"HH",-0.374404643798236,0.000684288372967306,0.0639679505333711,1070,0.0727655856780585
"214",6,"K",0.0679198807156556,0.000461956167797811,0.0588740437098577,931,-0.0942857079974693
"215",6,"M",-0.285070689189944,0.000550208846986773,0.0864963795975907,952,-0.0517600628960363
"216",6,"N",1.34980481753009,0.00057602868506816,0.0740142743429722,2373,1.15430715455884
"217",6,"P",-0.0606553060321685,0.000305570632967636,0.0681395797185271,455,-0.529397687600538
"218",6,"S",0.0794495327386744,0.000948525612409763,0.0790466853234765,1278,0.309351009274413
"219",6,"T",3.56987772502884,0.000466818955681696,0.0793627160005276,2432,1.18157735069274
"220",6,"V",-1.33075138570242,0.000469294606457141,0.0677070707070707,500,-0.455780915379891
"221",6,"Z",1.6938110453623,0.00073303591417808,0.0781659665663903,944,-0.020444133015163
"222",6,"DH",0.0245631084426147,0.000347551508749001,0.0830093900322182,1577,0.432562409882284
"223",6,"NG",0.436681340152188,0.000873032155809849,0.072608975679201,382,-0.466879961331708
"224",6,"G",-1.25534950628881,0.000656145512334235,0.120695690705661,295,-0.578033388357107
"225",6,"SH",-0.155861683984218,0.00142886829463055,0.0621017184253231,279,-0.435298624489343
"226",6,"CH",-0.895080536936057,0.000752329674439643,0.0553734770744456,118,-0.720088792222448
"227",6,"TH",-1.26337387826528,0.000385290311645358,0.0890994916485112,210,-0.715252297256999
"228",6,"JH",-1.41156511624693,0.000975818317960424,0.0738917367191333,83,-0.697388284700669
"229",7,"IY",1.96120284842024,0.00123786941126436,0.0659998099256809,1349,0.333805523330435
"230",7,"OW",0.360499586008014,0.00120393808365015,0.0707050797454422,607,-0.300775470512387
"231",7,"AE",0.235371952437287,0.00181860956498639,0.0965472261887681,721,-0.065386165312059
"232",7,"AA",-0.664429781742782,0.00134767007337779,0.0667143395019264,445,-0.407460040134323
"233",7,"EH",0.553327687574661,0.00181553905650815,0.0714655567035739,963,0.133770583406302
"234",7,"ER",-0.376581248786408,0.00113555979210289,0.075639771805552,752,-0.191903848181877
"235",7,"IH",0.601739225637601,0.0014827714721394,0.0867145403615992,1870,0.832292045316329
"236",7,"UH",-1.32261015547183,0.0010863614740065,0.0587457890645245,227,-0.650444545116933
"237",7,"AH",1.67968729424646,0.00136754871680927,0.0807211757690554,3655,2.31713604479532
"238",7,"AO",0.353825446240029,0.00118668190747364,0.0825443974713865,581,-0.32415869785981
"239",7,"UW",-1.2128547521968,0.000400953986541076,0.0777486269035067,404,-0.645853008929077
"240",7,"EY",-0.388043628309994,0.00138742584333512,0.0705445874741546,517,-0.337091106726323
"241",7,"AY",0.416213605164827,0.00165481732553812,0.104103788480248,626,-0.179913417408637
"242",7,"OY",-0.934579744395654,0.00131532865205995,0.0759958427815571,110,-0.696225377924942
"243",7,"AW",-0.205811137879814,0.00107779344658308,0.0891044382769122,264,-0.614881453315833
"244",7,"Y",-1.37720559229143,0.000935986158943444,0.0892936288088643,190,-0.708330686895752
"245",7,"L",0.885506526739264,0.000786110998691261,0.081077346743295,1392,0.2749855051164
"246",7,"R",-0.624002392912336,0.000993281857759541,0.0871358522814834,1133,0.102002538809649
"247",7,"W",0.0317175196935778,0.000919283271384285,0.0908071430362082,946,-0.0716600239128683
"248",7,"B",-0.758785786919305,0.000403625175120417,0.0911795856273544,725,-0.370825997321294
"249",7,"D",0.894307898773389,0.000341282883644099,0.0512883829440841,1761,0.484630431182715
"250",7,"F",0.209754963192578,0.000292244217722313,0.0708181578769814,715,-0.407609821272474
"251",7,"HH",-0.353952931077072,0.000684288372967306,0.0639679505333711,1070,-0.0231922260344568
"252",7,"K",0.971795315992308,0.000461956167797811,0.0588740437098577,931,-0.190243519709985
"253",7,"M",-0.226179245799095,0.000550208846986773,0.0864963795975907,952,-0.147717874608552
"254",7,"N",0.500491357177429,0.00057602868506816,0.0740142743429722,2373,1.05834934284632
"255",7,"P",-0.404683381421465,0.000305570632967636,0.0681395797185271,455,-0.625355499313054
"256",7,"S",0.88288186638428,0.000948525612409763,0.0790466853234765,1278,0.213393197561898
"257",7,"T",2.19975751770031,0.000466818955681696,0.0793627160005276,2432,1.08561953898023
"258",7,"V",-0.991507798664327,0.000469294606457141,0.0677070707070707,500,-0.551738727092406
"259",7,"Z",0.35438228286686,0.00073303591417808,0.0781659665663903,944,-0.116401944727678
"260",7,"DH",0.503832719980592,0.000347551508749001,0.0830093900322182,1577,0.336604598169769
"261",7,"NG",-0.528689906040583,0.000873032155809849,0.072608975679201,382,-0.562837773044224
"262",7,"G",-0.927956422592478,0.000656145512334235,0.120695690705661,295,-0.673991200069622
"263",7,"SH",-0.252000956437792,0.00142886829463055,0.0621017184253231,279,-0.531256436201858
"264",7,"CH",-1.07866047136393,0.000752329674439643,0.0553734770744456,118,-0.816046603934963
"265",7,"TH",-1.11440879469873,0.000385290311645358,0.0890994916485112,210,-0.811210108969515
"266",7,"JH",-1.31069199814954,0.000975818317960424,0.0738917367191333,83,-0.793346096413184
"267",8,"IY",0.282486943971936,0.00123786941126436,0.0659998099256809,1349,-0.0671374748618727
"268",8,"OW",-0.59235864399398,0.00120393808365015,0.0707050797454422,607,-0.701718468704695
"269",8,"AE",-0.320160676662309,0.00181860956498639,0.0965472261887681,721,-0.466329163504367
"270",8,"AA",-0.600475431304671,0.00134767007337779,0.0667143395019264,445,-0.808403038326631
"271",8,"EH",-0.556900383869217,0.00181553905650815,0.0714655567035739,963,-0.267172414786006
"272",8,"ER",-0.544654499641492,0.00113555979210289,0.075639771805552,752,-0.592846846374185
"273",8,"IH",-0.222239475255228,0.0014827714721394,0.0867145403615992,1870,0.431349047124021
"274",8,"UH",-1.48999806248054,0.0010863614740065,0.0587457890645245,227,-1.05138754330924
"275",8,"AH",1.68046503265437,0.00136754871680927,0.0807211757690554,3655,1.91619304660301
"276",8,"AO",-0.00116280305695805,0.00118668190747364,0.0825443974713865,581,-0.725101696052118
"277",8,"UW",-0.950885478374123,0.000400953986541076,0.0777486269035067,404,-1.04679600712139
"278",8,"EY",-0.39636974995511,0.00138742584333512,0.0705445874741546,517,-0.738034104918631
"279",8,"AY",0.435007843220588,0.00165481732553812,0.104103788480248,626,-0.580856415600945
"280",8,"OY",-1.40855805597985,0.00131532865205995,0.0759958427815571,110,-1.09716837611725
"281",8,"AW",-1.03744235015782,0.00107779344658308,0.0891044382769122,264,-1.01582445150814
"282",8,"Y",-1.43335333511042,0.000935986158943444,0.0892936288088643,190,-1.10927368508806
"283",8,"L",0.214959398106871,0.000786110998691261,0.081077346743295,1392,-0.125957493075908
"284",8,"R",-0.942537708450288,0.000993281857759541,0.0871358522814834,1133,-0.298940459382658
"285",8,"W",-0.955780435041024,0.000919283271384285,0.0908071430362082,946,-0.472603022105176
"286",8,"B",-0.978538922176732,0.000403625175120417,0.0911795856273544,725,-0.771768995513601
"287",8,"D",0.82553919766134,0.000341282883644099,0.0512883829440841,1761,0.0836874329904078
"288",8,"F",-0.743888237725213,0.000292244217722313,0.0708181578769814,715,-0.808552819464782
"289",8,"HH",-0.501939610376296,0.000684288372967306,0.0639679505333711,1070,-0.424135224226764
"290",8,"K",0.188575875295948,0.000461956167797811,0.0588740437098577,931,-0.591186517902292
"291",8,"M",-0.165154928897087,0.000550208846986773,0.0864963795975907,952,-0.548660872800859
"292",8,"N",-0.33005648370786,0.00057602868506816,0.0740142743429722,2373,0.657406344654017
"293",8,"P",-1.02280992696871,0.000305570632967636,0.0681395797185271,455,-1.02629849750536
"294",8,"S",-0.410676993863616,0.000948525612409763,0.0790466853234765,1278,-0.18754980063041
"295",8,"T",0.986911912229517,0.000466818955681696,0.0793627160005276,2432,0.68467654078792
"296",8,"V",-1.14061363132139,0.000469294606457141,0.0677070707070707,500,-0.952681725284714
"297",8,"Z",-0.55717525711205,0.00073303591417808,0.0781659665663903,944,-0.517344942919986
"298",8,"DH",-0.35637916820571,0.000347551508749001,0.0830093900322182,1577,-0.0643384000225386
"299",8,"NG",-0.970336237305847,0.000873032155809849,0.072608975679201,382,-0.963780771236531
"300",8,"G",-1.25329061153117,0.000656145512334235,0.120695690705661,295,-1.07493419826193
"301",8,"SH",-0.927885910718115,0.00142886829463055,0.0621017184253231,279,-0.932199434394166
"302",8,"CH",-1.32617293028332,0.000752329674439643,0.0553734770744456,118,-1.21698960212727
"303",8,"TH",-1.58477965790404,0.000385290311645358,0.0890994916485112,210,-1.21215310716182
"304",8,"JH",-1.64566918370421,0.000975818317960424,0.0738917367191333,83,-1.19428909460549
"305",9,"IY",1.8587385777729,0.00123786941126436,0.0659998099256809,1349,0.338860839771904
"306",9,"OW",0.166456071611233,0.00120393808365015,0.0707050797454422,607,-0.295720154070918
"307",9,"AE",0.57820376974422,0.00181860956498639,0.0965472261887681,721,-0.0603308488705897
"308",9,"AA",-0.245772711657702,0.00134767007337779,0.0667143395019264,445,-0.402404723692854
"309",9,"EH",-0.44013779014052,0.00181553905650815,0.0714655567035739,963,0.138825899847771
"310",9,"ER",-0.429531759989593,0.00113555979210289,0.075639771805552,752,-0.186848531740408
"311",9,"IH",0.575330022376516,0.0014827714721394,0.0867145403615992,1870,0.837347361757798
"312",9,"UH",-0.873174644955486,0.0010863614740065,0.0587457890645245,227,-0.645389228675463
"313",9,"AH",1.25311004471289,0.00136754871680927,0.0807211757690554,3655,2.32219136123679
"314",9,"AO",0.117267499279921,0.00118668190747364,0.0825443974713865,581,-0.319103381418341
"315",9,"UW",-0.768652494331334,0.000400953986541076,0.0777486269035067,404,-0.640797692487608
"316",9,"EY",0.782310674993965,0.00138742584333512,0.0705445874741546,517,-0.332035790284854
"317",9,"AY",1.94212010603092,0.00165481732553812,0.104103788480248,626,-0.174858100967168
"318",9,"OY",-0.979323480571536,0.00131532865205995,0.0759958427815571,110,-0.691170061483473
"319",9,"AW",-0.0139482007499011,0.00107779344658308,0.0891044382769122,264,-0.609826136874364
"320",9,"Y",-1.26532353964084,0.000935986158943444,0.0892936288088643,190,-0.703275370454283
"321",9,"L",1.8586940979433,0.000786110998691261,0.081077346743295,1392,0.280040821557869
"322",9,"R",-0.580886670841976,0.000993281857759541,0.0871358522814834,1133,0.107057855251119
"323",9,"W",-0.328267922675948,0.000919283271384285,0.0908071430362082,946,-0.0666047074713989
"324",9,"B",-0.491266456715693,0.000403625175120417,0.0911795856273544,725,-0.365770680879825
"325",9,"D",0.429234860364421,0.000341282883644099,0.0512883829440841,1761,0.489685747624185
"326",9,"F",-0.323203922159204,0.000292244217722313,0.0708181578769814,715,-0.402554504831005
"327",9,"HH",0.361138242940246,0.000684288372967306,0.0639679505333711,1070,-0.0181369095929875
"328",9,"K",1.06855434876105,0.000461956167797811,0.0588740437098577,931,-0.185188203268515
"329",9,"M",-0.153166185251667,0.000550208846986773,0.0864963795975907,952,-0.142662558167082
"330",9,"N",1.01141963017613,0.00057602868506816,0.0740142743429722,2373,1.06340465928779
"331",9,"P",0.105134945980486,0.000305570632967636,0.0681395797185271,455,-0.620300182871584
"332",9,"S",0.850616051806899,0.000948525612409763,0.0790466853234765,1278,0.218448514003367
"333",9,"T",2.69058078239858,0.000466818955681696,0.0793627160005276,2432,1.0906748554217
"334",9,"V",-0.979415689957896,0.000469294606457141,0.0677070707070707,500,-0.546683410650937
"335",9,"Z",0.929549730188021,0.00073303591417808,0.0781659665663903,944,-0.111346628286209
"336",9,"DH",0.26107834397507,0.000347551508749001,0.0830093900322182,1577,0.341659914611238
"337",9,"NG",-0.566597667760839,0.000873032155809849,0.072608975679201,382,-0.557782456602754
"338",9,"G",-0.37103464309185,0.000656145512334235,0.120695690705661,295,-0.668935883628153
"339",9,"SH",-0.15317316040532,0.00142886829463055,0.0621017184253231,279,-0.526201119760389
"340",9,"CH",-1.02837892012786,0.000752329674439643,0.0553734770744456,118,-0.810991287493494
"341",9,"TH",-1.0910456006145,0.000385290311645358,0.0890994916485112,210,-0.806154792528045
"342",9,"JH",-1.23956274033747,0.000975818317960424,0.0738917367191333,83,-0.788290779971715
"343",10,"IY",0.973718223720207,0.00123786941126436,0.0659998099256809,1349,0.293761329276549
"344",10,"OW",0.0446493035665876,0.00120393808365015,0.0707050797454422,607,-0.340819664566273
"345",10,"AE",0.982152771525433,0.00181860956498639,0.0965472261887681,721,-0.105430359365945
"346",10,"AA",-0.642958427568024,0.00134767007337779,0.0667143395019264,445,-0.447504234188209
"347",10,"EH",-0.436135965856087,0.00181553905650815,0.0714655567035739,963,0.0937263893524158
"348",10,"ER",0.263405993792961,0.00113555979210289,0.075639771805552,752,-0.231948042235763
"349",10,"IH",0.519773868308937,0.0014827714721394,0.0867145403615992,1870,0.792247851262443
"350",10,"UH",-1.26644443117245,0.0010863614740065,0.0587457890645245,227,-0.690488739170819
"351",10,"AH",1.80619912094044,0.00136754871680927,0.0807211757690554,3655,2.27709185074143
"352",10,"AO",0.174935518065404,0.00118668190747364,0.0825443974713865,581,-0.364202891913696
"353",10,"UW",-0.647612660043285,0.000400953986541076,0.0777486269035067,404,-0.685897202982963
"354",10,"EY",0.308570995276697,0.00138742584333512,0.0705445874741546,517,-0.377135300780209
"355",10,"AY",0.352782053938635,0.00165481732553812,0.104103788480248,626,-0.219957611462523
"356",10,"OY",-0.957708501121317,0.00131532865205995,0.0759958427815571,110,-0.736269571978828
"357",10,"AW",0.925110373351489,0.00107779344658308,0.0891044382769122,264,-0.654925647369719
"358",10,"Y",-1.11110454710695,0.000935986158943444,0.0892936288088643,190,-0.748374880949638
"359",10,"L",0.671929153275275,0.000786110998691261,0.081077346743295,1392,0.234941311062514
"360",10,"R",-0.323826971096481,0.000993281857759541,0.0871358522814834,1133,0.0619583447557633
"361",10,"W",-0.300091919457007,0.000919283271384285,0.0908071430362082,946,-0.111704217966754
"362",10,"B",0.16608702778953,0.000403625175120417,0.0911795856273544,725,-0.41087019137518
"363",10,"D",0.157081904366027,0.000341282883644099,0.0512883829440841,1761,0.444586237128829
"364",10,"F",0.331287655102441,0.000292244217722313,0.0708181578769814,715,-0.44765401532636
"365",10,"HH",-0.715196878217625,0.000684288372967306,0.0639679505333711,1070,-0.0632364200883427
"366",10,"K",0.92773198921303,0.000461956167797811,0.0588740437098577,931,-0.230287713763871
"367",10,"M",0.0166336397986149,0.000550208846986773,0.0864963795975907,952,-0.187762068662438
"368",10,"N",0.948955063742334,0.00057602868506816,0.0740142743429722,2373,1.01830514879244
"369",10,"P",-0.142344729811121,0.000305570632967636,0.0681395797185271,455,-0.665399693366939
"370",10,"S",0.241150010884901,0.000948525612409763,0.0790466853234765,1278,0.173349003508012
"371",10,"T",3.67210788712841,0.000466818955681696,0.0793627160005276,2432,1.04557534492634
"372",10,"V",-1.07194281478292,0.000469294606457141,0.0677070707070707,500,-0.591782921146292
"373",10,"Z",0.976226953121826,0.00073303591417808,0.0781659665663903,944,-0.156446138781564
"374",10,"DH",0.214446247574905,0.000347551508749001,0.0830093900322182,1577,0.296560404115883
"375",10,"NG",-0.908660733541216,0.000873032155809849,0.072608975679201,382,-0.602881967098109
"376",10,"G",-0.672857973923222,0.000656145512334235,0.120695690705661,295,-0.714035394123508
"377",10,"SH",-0.395250022888944,0.00142886829463055,0.0621017184253231,279,-0.571300630255744
"378",10,"CH",-1.41893158070371,0.000752329674439643,0.0553734770744456,118,-0.856090797988849
"379",10,"TH",-1.12351614071171,0.000385290311645358,0.0890994916485112,210,-0.851254303023401
"380",10,"JH",-1.57444159955458,0.000975818317960424,0.0738917367191333,83,-0.83339029046707
"381",11,"IY",2.08603743968523,0.00123786941126436,0.0659998099256809,1349,0.619584522651683
"382",11,"OW",0.455375671852402,0.00120393808365015,0.0707050797454422,607,-0.0149964711911388
"383",11,"AE",0.435393900021938,0.00181860956498639,0.0965472261887681,721,0.220392834009189
"384",11,"AA",-0.450402004237442,0.00134767007337779,0.0667143395019264,445,-0.121681040813075
"385",11,"EH",0.291183598571898,0.00181553905650815,0.0714655567035739,963,0.41954958272755
"386",11,"ER",1.82962634460713,0.00113555979210289,0.075639771805552,752,0.0938751511393709
"387",11,"IH",0.955061720457274,0.0014827714721394,0.0867145403615992,1870,1.11807104463758
"388",11,"UH",-1.24524959339663,0.0010863614740065,0.0587457890645245,227,-0.364665545795684
"389",11,"AH",1.69800105879156,0.00136754871680927,0.0807211757690554,3655,2.60291504411657
"390",11,"AO",0.551267737273117,0.00118668190747364,0.0825443974713865,581,-0.0383796985385617
"391",11,"UW",-0.0309439574857839,0.000400953986541076,0.0777486269035067,404,-0.360074009607829
"392",11,"EY",0.524792144055829,0.00138742584333512,0.0705445874741546,517,-0.0513121074050752
"393",11,"AY",1.58354624193534,0.00165481732553812,0.104103788480248,626,0.105865581912611
"394",11,"OY",-0.108546668405598,0.00131532865205995,0.0759958427815571,110,-0.410446378603694
"395",11,"AW",-0.2310960166278,0.00107779344658308,0.0891044382769122,264,-0.329102453994585
"396",11,"Y",-1.26709811847323,0.000935986158943444,0.0892936288088643,190,-0.422551687574504
"397",11,"L",0.566693417338295,0.000786110998691261,0.081077346743295,1392,0.560764504437648
"398",11,"R",-0.458149847039149,0.000993281857759541,0.0871358522814834,1133,0.387781538130898
"399",11,"W",1.79324413050282,0.000919283271384285,0.0908071430362082,946,0.21411897540838
"400",11,"B",0.66738969270471,0.000403625175120417,0.0911795856273544,725,-0.0850469980000456
"401",11,"D",0.42562150145985,0.000341282883644099,0.0512883829440841,1761,0.770409430503964
"402",11,"F",0.419918589595021,0.000292244217722313,0.0708181578769814,715,-0.121830821951226
"403",11,"HH",-0.568967252379269,0.000684288372967306,0.0639679505333711,1070,0.262586773286792
"404",11,"K",0.181385084318305,0.000461956167797811,0.0588740437098577,931,0.0955354796112636
"405",11,"M",0.543069601882937,0.000550208846986773,0.0864963795975907,952,0.138061124712697
"406",11,"N",1.1114131778795,0.00057602868506816,0.0740142743429722,2373,1.34412834216757
"407",11,"P",0.208712347691918,0.000305570632967636,0.0681395797185271,455,-0.339576499991805
"408",11,"S",0.607251229774749,0.000948525612409763,0.0790466853234765,1278,0.499172196883146
"409",11,"T",2.73855189291255,0.000466818955681696,0.0793627160005276,2432,1.37139853830148
"410",11,"V",-1.00619409050826,0.000469294606457141,0.0677070707070707,500,-0.265959727771158
"411",11,"Z",1.40932643820213,0.00073303591417808,0.0781659665663903,944,0.16937705459357
"412",11,"DH",0.437511658045278,0.000347551508749001,0.0830093900322182,1577,0.622383597491017
"413",11,"NG",-0.496017085697887,0.000873032155809849,0.072608975679201,382,-0.277058773722975
"414",11,"G",-0.434788221200311,0.000656145512334235,0.120695690705661,295,-0.388212200748374
"415",11,"SH",-0.357891557862712,0.00142886829463055,0.0621017184253231,279,-0.24547743688061
"416",11,"CH",-0.350531665532809,0.000752329674439643,0.0553734770744456,118,-0.530267604613715
"417",11,"TH",-1.04227343667728,0.000385290311645358,0.0890994916485112,210,-0.525431109648266
"418",11,"JH",-1.15759079043908,0.000975818317960424,0.0738917367191333,83,-0.507567097091936
"419",12,"IY",1.07452838514051,0.00123786941126436,0.0659998099256809,1349,0.219764681416404
"420",12,"OW",-0.710031204089331,0.00120393808365015,0.0707050797454422,607,-0.414816312426418
"421",12,"AE",-0.0479040978341591,0.00181860956498639,0.0965472261887681,721,-0.17942700722609
"422",12,"AA",-0.439689218818961,0.00134767007337779,0.0667143395019264,445,-0.521500882048354
"423",12,"EH",-0.238492234517232,0.00181553905650815,0.0714655567035739,963,0.0197297414922708
"424",12,"ER",0.152085174047457,0.00113555979210289,0.075639771805552,752,-0.305944690095908
"425",12,"IH",0.248547895414642,0.0014827714721394,0.0867145403615992,1870,0.718251203402298
"426",12,"UH",-1.10618084721859,0.0010863614740065,0.0587457890645245,227,-0.764485387030964
"427",12,"AH",1.74005216625207,0.00136754871680927,0.0807211757690554,3655,2.20309520288129
"428",12,"AO",-0.113631278242608,0.00118668190747364,0.0825443974713865,581,-0.438199539773841
"429",12,"UW",-0.761063818508599,0.000400953986541076,0.0777486269035067,404,-0.759893850843108
"430",12,"EY",-0.196248522834075,0.00138742584333512,0.0705445874741546,517,-0.451131948640354
"431",12,"AY",-0.357016235496957,0.00165481732553812,0.104103788480248,626,-0.293954259322668
"432",12,"OY",-1.24023292265596,0.00131532865205995,0.0759958427815571,110,-0.810266219838973
"433",12,"AW",-0.348534914508858,0.00107779344658308,0.0891044382769122,264,-0.728922295229864
"434",12,"Y",-1.41415141354512,0.000935986158943444,0.0892936288088643,190,-0.822371528809783
"435",12,"L",0.611543300482854,0.000786110998691261,0.081077346743295,1392,0.160944663202369
"436",12,"R",-0.378632867820312,0.000993281857759541,0.0871358522814834,1133,-0.0120383031043817
"437",12,"W",0.0683454480995729,0.000919283271384285,0.0908071430362082,946,-0.185700865826899
"438",12,"B",0.464263108243476,0.000403625175120417,0.0911795856273544,725,-0.484866839235325
"439",12,"D",-0.231273024400882,0.000341282883644099,0.0512883829440841,1761,0.370589589268684
"440",12,"F",-0.597052466797746,0.000292244217722313,0.0708181578769814,715,-0.521650663186505
"441",12,"HH",-0.373565766158387,0.000684288372967306,0.0639679505333711,1070,-0.137233067948488
"442",12,"K",0.568268413382637,0.000461956167797811,0.0588740437098577,931,-0.304284361624016
"443",12,"M",0.247855884965573,0.000550208846986773,0.0864963795975907,952,-0.261758716522583
"444",12,"N",0.783153687263167,0.00057602868506816,0.0740142743429722,2373,0.944308500932293
"445",12,"P",-0.355043028539459,0.000305570632967636,0.0681395797185271,455,-0.739396341227085
"446",12,"S",-0.0446394894872045,0.000948525612409763,0.0790466853234765,1278,0.0993523556478671
"447",12,"T",1.1455775666013,0.000466818955681696,0.0793627160005276,2432,0.971578697066197
"448",12,"V",-1.14022532035632,0.000469294606457141,0.0677070707070707,500,-0.665779569006437
"449",12,"Z",0.434912097707356,0.00073303591417808,0.0781659665663903,944,-0.230442786641709
"450",12,"DH",1.21691859093975,0.000347551508749001,0.0830093900322182,1577,0.222563756255738
"451",12,"NG",-0.656078541302445,0.000873032155809849,0.072608975679201,382,-0.676878614958255
"452",12,"G",-1.25946957601398,0.000656145512334235,0.120695690705661,295,-0.788032041983653
"453",12,"SH",-0.490067373104459,0.00142886829463055,0.0621017184253231,279,-0.645297278115889
"454",12,"CH",-1.5553735352966,0.000752329674439643,0.0553734770744456,118,-0.930087445848994
"455",12,"TH",-1.09473372763995,0.000385290311645358,0.0890994916485112,210,-0.925250950883546
"456",12,"JH",-1.45690369857236,0.000975818317960424,0.0738917367191333,83,-0.907386938327215
"457",13,"IY",1.42661280785912,0.00123786941126436,0.0659998099256809,1349,0.333805700350522
"458",13,"OW",0.00180527583044175,0.00120393808365015,0.0707050797454422,607,-0.3007752934923
"459",13,"AE",0.327280351635993,0.00181860956498639,0.0965472261887681,721,-0.0653859882919717
"460",13,"AA",-0.127438038043156,0.00134767007337779,0.0667143395019264,445,-0.407459863114236
"461",13,"EH",0.011203899810072,0.00181553905650815,0.0714655567035739,963,0.133770760426389
"462",13,"ER",0.348458729408712,0.00113555979210289,0.075639771805552,752,-0.19190367116179
"463",13,"IH",-0.159362303028623,0.0014827714721394,0.0867145403615992,1870,0.832292222336416
"464",13,"UH",-1.46487103679925,0.0010863614740065,0.0587457890645245,227,-0.650444368096845
"465",13,"AH",1.43803007846059,0.00136754871680927,0.0807211757690554,3655,2.3171362218154
"466",13,"AO",0.137929878918328,0.00118668190747364,0.0825443974713865,581,-0.324158520839723
"467",13,"UW",-0.547094915032835,0.000400953986541076,0.0777486269035067,404,-0.64585283190899
"468",13,"EY",-0.235241489064523,0.00138742584333512,0.0705445874741546,517,-0.337090929706236
"469",13,"AY",1.48534535880752,0.00165481732553812,0.104103788480248,626,-0.17991324038855
"470",13,"OY",-1.075877436421,0.00131532865205995,0.0759958427815571,110,-0.696225200904855
"471",13,"AW",-0.486641320307621,0.00107779344658308,0.0891044382769122,264,-0.614881276295746
"472",13,"Y",-1.39293557314369,0.000935986158943444,0.0892936288088643,190,-0.708330509875665
"473",13,"L",0.578258908794985,0.000786110998691261,0.081077346743295,1392,0.274985682136487
"474",13,"R",-0.681985435707748,0.000993281857759541,0.0871358522814834,1133,0.102002715829737
"475",13,"W",0.20166240332813,0.000919283271384285,0.0908071430362082,946,-0.071659846892781
"476",13,"B",-0.215695148126799,0.000403625175120417,0.0911795856273544,725,-0.370825820301207
"477",13,"D",0.448873852283761,0.000341282883644099,0.0512883829440841,1761,0.484630608202803
"478",13,"F",-0.412440271766318,0.000292244217722313,0.0708181578769814,715,-0.407609644252387
"479",13,"HH",-0.518163715796975,0.000684288372967306,0.0639679505333711,1070,-0.0231920490143695
"480",13,"K",0.125238005688456,0.000461956167797811,0.0588740437098577,931,-0.190243342689897
"481",13,"M",-0.602353244169044,0.000550208846986773,0.0864963795975907,952,-0.147717697588464
"482",13,"N",0.566846144706405,0.00057602868506816,0.0740142743429722,2373,1.05834951986641
"483",13,"P",-0.447487525723803,0.000305570632967636,0.0681395797185271,455,-0.625355322292966
"484",13,"S",0.120054912778338,0.000948525612409763,0.0790466853234765,1278,0.213393374581985
"485",13,"T",1.34104536746698,0.000466818955681696,0.0793627160005276,2432,1.08561971600032
"486",13,"V",-1.11674365286264,0.000469294606457141,0.0677070707070707,500,-0.551738550072319
"487",13,"Z",0.17465699115542,0.00073303591417808,0.0781659665663903,944,-0.116401767707591
"488",13,"DH",0.0240495693895545,0.000347551508749001,0.0830093900322182,1577,0.336604775189856
"489",13,"NG",-0.542857634976472,0.000873032155809849,0.072608975679201,382,-0.562837596024136
"490",13,"G",-0.883357633126753,0.000656145512334235,0.120695690705661,295,-0.673991023049535
"491",13,"SH",-0.997399549046024,0.00142886829463055,0.0621017184253231,279,-0.531256259181771
"492",13,"CH",-1.20232510462646,0.000752329674439643,0.0553734770744456,118,-0.816046426914876
"493",13,"TH",-1.57674710971587,0.000385290311645358,0.0890994916485112,210,-0.811209931949427
"494",13,"JH",-1.60854836761851,0.000975818317960424,0.0738917367191333,83,-0.793345919393097
"495",14,"IY",0.830280339939743,0.00123786941126436,0.0659998099256809,1349,0.545150910997731
"496",14,"OW",0.0238026315991198,0.00120393808365015,0.0707050797454422,607,-0.0894300828450909
"497",14,"AE",0.312458609138092,0.00181860956498639,0.0965472261887681,721,0.145959222355237
"498",14,"AA",-0.388993082073608,0.00134767007337779,0.0667143395019264,445,-0.196114652467027
"499",14,"EH",-0.387673712633804,0.00181553905650815,0.0714655567035739,963,0.345115971073598
"500",14,"ER",0.704955520775881,0.00113555979210289,0.075639771805552,752,0.0194415394854187
"501",14,"IH",-0.139254036305729,0.0014827714721394,0.0867145403615992,1870,1.04363743298363
"502",14,"UH",-1.33199393697858,0.0010863614740065,0.0587457890645245,227,-0.439099157449637
"503",14,"AH",0.852723076171755,0.00136754871680927,0.0807211757690554,3655,2.52848143246261
"504",14,"AO",-0.0531640618925197,0.00118668190747364,0.0825443974713865,581,-0.112813310192514
"505",14,"UW",-0.517695761537708,0.000400953986541076,0.0777486269035067,404,-0.434507621261781
"506",14,"EY",0.385453406566189,0.00138742584333512,0.0705445874741546,517,-0.125745719059027
"507",14,"AY",1.89861446351667,0.00165481732553812,0.104103788480248,626,0.0314319702586588
"508",14,"OY",-0.487268160620511,0.00131532865205995,0.0759958427815571,110,-0.484879990257646
"509",14,"AW",0.0823695268434426,0.00107779344658308,0.0891044382769122,264,-0.403536065648537
"510",14,"Y",-0.692131937929559,0.000935986158943444,0.0892936288088643,190,-0.496985299228456
"511",14,"L",1.04042150831314,0.000786110998691261,0.081077346743295,1392,0.486330892783696
"512",14,"R",-0.0230033911923575,0.000993281857759541,0.0871358522814834,1133,0.313347926476945
"513",14,"W",1.16266361298781,0.000919283271384285,0.0908071430362082,946,0.139685363754428
"514",14,"B",0.0355116700089832,0.000403625175120417,0.0911795856273544,725,-0.159480609653998
"515",14,"D",2.64877472981963,0.000341282883644099,0.0512883829440841,1761,0.695975818850011
"516",14,"F",-0.766601340122532,0.000292244217722313,0.0708181578769814,715,-0.196264433605178
"517",14,"HH",-0.614285852499971,0.000684288372967306,0.0639679505333711,1070,0.188153161632839
"518",14,"K",2.42097933229679,0.000461956167797811,0.0588740437098577,931,0.0211018679573115
"519",14,"M",0.178959101662542,0.000550208846986773,0.0864963795975907,952,0.0636275130587445
"520",14,"N",0.588838727844113,0.00057602868506816,0.0740142743429722,2373,1.26969473051362
"521",14,"P",-0.278736194765601,0.000305570632967636,0.0681395797185271,455,-0.414010111645757
"522",14,"S",0.620027223923408,0.000948525612409763,0.0790466853234765,1278,0.424738585229194
"523",14,"T",4.10392077398971,0.000466818955681696,0.0793627160005276,2432,1.29696492664752
"524",14,"V",-0.737849016161068,0.000469294606457141,0.0677070707070707,500,-0.34039333942511
"525",14,"Z",-0.262409916453019,0.00073303591417808,0.0781659665663903,944,0.0949434429396178
"526",14,"DH",0.519545953301759,0.000347551508749001,0.0830093900322182,1577,0.547949985837065
"527",14,"NG",-0.0488309627160278,0.000873032155809849,0.072608975679201,382,-0.351492385376927
"528",14,"G",-0.671382463912539,0.000656145512334235,0.120695690705661,295,-0.462645812402326
"529",14,"SH",-0.144603043893367,0.00142886829463055,0.0621017184253231,279,-0.319911048534562
"530",14,"CH",-1.16193678035728,0.000752329674439643,0.0553734770744456,118,-0.604701216267667
"531",14,"TH",-0.423431927466231,0.000385290311645358,0.0890994916485112,210,-0.599864721302219
"532",14,"JH",-1.25444317327609,0.000975818317960424,0.0738917367191333,83,-0.582000708745888
"533",15,"IY",-0.211835569863698,0.00123786941126436,0.0659998099256809,1349,0.233739809180589
"534",15,"OW",0.179425103618508,0.00120393808365015,0.0707050797454422,607,-0.400841184662233
"535",15,"AE",0.0332054758226675,0.00181860956498639,0.0965472261887681,721,-0.165451879461905
"536",15,"AA",0.2452780773266,0.00134767007337779,0.0667143395019264,445,-0.507525754284169
"537",15,"EH",-0.0594016034750376,0.00181553905650815,0.0714655567035739,963,0.033704869256456
"538",15,"ER",-0.0884060039142636,0.00113555979210289,0.075639771805552,752,-0.291969562331723
"539",15,"IH",-0.255485173109143,0.0014827714721394,0.0867145403615992,1870,0.732226331166483
"540",15,"UH",-1.3677597053448,0.0010863614740065,0.0587457890645245,227,-0.750510259266778
"541",15,"AH",0.129908688232187,0.00136754871680927,0.0807211757690554,3655,2.21707033064547
"542",15,"AO",-0.43205831759857,0.00118668190747364,0.0825443974713865,581,-0.424224412009656
"543",15,"UW",-1.0739991362341,0.000400953986541076,0.0777486269035067,404,-0.745918723078923
"544",15,"EY",-0.531419227041529,0.00138742584333512,0.0705445874741546,517,-0.437156820876169
"545",15,"AY",0.920862852353986,0.00165481732553812,0.104103788480248,626,-0.279979131558483
"546",15,"OY",-1.32192452738089,0.00131532865205995,0.0759958427815571,110,-0.796291092074788
"547",15,"AW",-0.681691311320064,0.00107779344658308,0.0891044382769122,264,-0.714947167465679
"548",15,"Y",-1.29605486368648,0.000935986158943444,0.0892936288088643,190,-0.808396401045598
"549",15,"L",0.882746070737729,0.000786110998691261,0.081077346743295,1392,0.174919790966554
"550",15,"R",-0.84599032143303,0.000993281857759541,0.0871358522814834,1133,0.00193682465980347
"551",15,"W",-0.0131870398860357,0.000919283271384285,0.0908071430362082,946,-0.171725738062714
"552",15,"B",-0.541756669316425,0.000403625175120417,0.0911795856273544,725,-0.47089171147114
"553",15,"D",0.603356787467499,0.000341282883644099,0.0512883829440841,1761,0.38456471703287
"554",15,"F",-0.269592391913725,0.000292244217722313,0.0708181578769814,715,-0.50767553542232
"555",15,"HH",-0.47703310249786,0.000684288372967306,0.0639679505333711,1070,-0.123257940184303
"556",15,"K",-0.199861460353433,0.000461956167797811,0.0588740437098577,931,-0.29030923385983
"557",15,"M",-0.23460836630109,0.000550208846986773,0.0864963795975907,952,-0.247783588758397
"558",15,"N",0.54526471820928,0.00057602868506816,0.0740142743429722,2373,0.958283628696478
"559",15,"P",-0.326064514330267,0.000305570632967636,0.0681395797185271,455,-0.725421213462899
"560",15,"S",0.186133431486972,0.000948525612409763,0.0790466853234765,1278,0.113327483412052
"561",15,"T",0.89250572093879,0.000466818955681696,0.0793627160005276,2432,0.985553824830382
"562",15,"V",-1.0165537155902,0.000469294606457141,0.0677070707070707,500,-0.651804441242252
"563",15,"Z",0.0932976756849721,0.00073303591417808,0.0781659665663903,944,-0.216467658877524
"564",15,"DH",-0.582070361371657,0.000347551508749001,0.0830093900322182,1577,0.236538884019923
"565",15,"NG",-0.193961168932713,0.000873032155809849,0.072608975679201,382,-0.662903487194069
"566",15,"G",-0.781232858861678,0.000656145512334235,0.120695690705661,295,-0.774056914219468
"567",15,"SH",-0.678088018972347,0.00142886829463055,0.0621017184253231,279,-0.631322150351704
"568",15,"CH",-0.245399267431296,0.000752329674439643,0.0553734770744456,118,-0.916112318084809
"569",15,"TH",-1.13375637528016,0.000385290311645358,0.0890994916485112,210,-0.911275823119361
"570",15,"JH",-1.3264814236232,0.000975818317960424,0.0738917367191333,83,-0.89341181056303
"571",16,"IY",2.41574646017806,0.00123786941126436,0.0659998099256809,1349,0.434138707095527
"572",16,"OW",-0.443776532297559,0.00120393808365015,0.0707050797454422,607,-0.200442286747295
"573",16,"AE",1.1795899293301,0.00181860956498639,0.0965472261887681,721,0.0349470184530334
"574",16,"AA",-0.650919736227236,0.00134767007337779,0.0667143395019264,445,-0.307126856369231
"575",16,"EH",-0.304148752506344,0.00181553905650815,0.0714655567035739,963,0.234103767171394
"576",16,"ER",0.33063044100764,0.00113555979210289,0.075639771805552,752,-0.091570664416785
"577",16,"IH",1.150338656017,0.0014827714721394,0.0867145403615992,1870,0.932625229081421
"578",16,"UH",-1.16623817876964,0.0010863614740065,0.0587457890645245,227,-0.55011136135184
"579",16,"AH",1.94141528258064,0.00136754871680927,0.0807211757690554,3655,2.41746922856041
"580",16,"AO",0.517830040339134,0.00118668190747364,0.0825443974713865,581,-0.223825514094718
"581",16,"UW",-0.0987169102438028,0.000400953986541076,0.0777486269035067,404,-0.545519825163985
"582",16,"EY",-0.313393856208838,0.00138742584333512,0.0705445874741546,517,-0.236757922961231
"583",16,"AY",0.556247736330606,0.00165481732553812,0.104103788480248,626,-0.0795802336435449
"584",16,"OY",-0.186939473867679,0.00131532865205995,0.0759958427815571,110,-0.59589219415985
"585",16,"AW",0.33858194235292,0.00107779344658308,0.0891044382769122,264,-0.514548269550741
"586",16,"Y",-0.877179869210688,0.000935986158943444,0.0892936288088643,190,-0.60799750313066
"587",16,"L",0.584962508220287,0.000786110998691261,0.081077346743295,1392,0.375318688881492
"588",16,"R",-0.0938584415765106,0.000993281857759541,0.0871358522814834,1133,0.202335722574742
"589",16,"W",-0.0205806572933669,0.000919283271384285,0.0908071430362082,946,0.0286731598522241
"590",16,"B",0.017782275784382,0.000403625175120417,0.0911795856273544,725,-0.270492813556201
"591",16,"D",0.657061357495111,0.000341282883644099,0.0512883829440841,1761,0.584963614947808
"592",16,"F",0.708820967999053,0.000292244217722313,0.0708181578769814,715,-0.307276637507382
"593",16,"HH",0.055157677503514,0.000684288372967306,0.0639679505333711,1070,0.0771409577306356
"594",16,"K",2.26957936860318,0.000461956167797811,0.0588740437098577,931,-0.0899103359448923
"595",16,"M",-0.550625574250031,0.000550208846986773,0.0864963795975907,952,-0.0473846908434593
"596",16,"N",-0.0656661517745079,0.00057602868506816,0.0740142743429722,2373,1.15868252661142
"597",16,"P",0.711713792254066,0.000305570632967636,0.0681395797185271,455,-0.525022315547961
"598",16,"S",0.188230183054031,0.000948525612409763,0.0790466853234765,1278,0.31372638132699
"599",16,"T",3.70724277012612,0.000466818955681696,0.0793627160005276,2432,1.18595272274532
"600",16,"V",-0.300118035117293,0.000469294606457141,0.0677070707070707,500,-0.451405543327314
"601",16,"Z",-0.351401470960478,0.00073303591417808,0.0781659665663903,944,-0.016068760962586
"602",16,"DH",0.24814611936721,0.000347551508749001,0.0830093900322182,1577,0.436937781934861
"603",16,"NG",0.282329349068448,0.000873032155809849,0.072608975679201,382,-0.462504589279131
"604",16,"G",-0.598108827314038,0.000656145512334235,0.120695690705661,295,-0.57365801630453
"605",16,"SH",-0.554324507338465,0.00142886829463055,0.0621017184253231,279,-0.430923252436766
"606",16,"CH",-0.389895127340512,0.000752329674439643,0.0553734770744456,118,-0.715713420169871
"607",16,"TH",-1.19216910604997,0.000385290311645358,0.0890994916485112,210,-0.710876925204422
"608",16,"JH",-1.21460466343186,0.000975818317960424,0.0738917367191333,83,-0.693012912648092
"609",17,"IY",1.54535223116208,0.00123786941126436,0.0659998099256809,1349,0.540610047015525
"610",17,"OW",-0.527268650601761,0.00120393808365015,0.0707050797454422,607,-0.0939709468272971
"611",17,"AE",-0.451444094976308,0.00181860956498639,0.0965472261887681,721,0.141418358373031
"612",17,"AA",-0.0759375658037218,0.00134767007337779,0.0667143395019264,445,-0.200655516449233
"613",17,"EH",-0.306472156931669,0.00181553905650815,0.0714655567035739,963,0.340575107091392
"614",17,"ER",0.708731101835306,0.00113555979210289,0.075639771805552,752,0.0149006755032125
"615",17,"IH",1.68263263457313,0.0014827714721394,0.0867145403615992,1870,1.03909656900142
"616",17,"UH",-1.35381799055913,0.0010863614740065,0.0587457890645245,227,-0.443640021431843
"617",17,"AH",3.5181970228874,0.00136754871680927,0.0807211757690554,3655,2.52394056848041
"618",17,"AO",-0.245707423873956,0.00118668190747364,0.0825443974713865,581,-0.11735417417472
"619",17,"UW",-0.796586196667404,0.000400953986541076,0.0777486269035067,404,-0.439048485243988
"620",17,"EY",0.317160963275197,0.00138742584333512,0.0705445874741546,517,-0.130286583041234
"621",17,"AY",0.0085704135023916,0.00165481732553812,0.104103788480248,626,0.0268911062764526
"622",17,"OY",-0.910599612966191,0.00131532865205995,0.0759958427815571,110,-0.489420854239852
"623",17,"AW",-0.372159635056649,0.00107779344658308,0.0891044382769122,264,-0.408076929630743
"624",17,"Y",-1.57479638504358,0.000935986158943444,0.0892936288088643,190,-0.501526163210662
"625",17,"L",1.98482347891376,0.000786110998691261,0.081077346743295,1392,0.48179002880149
"626",17,"R",-0.573891838798557,0.000993281857759541,0.0871358522814834,1133,0.308807062494739
"627",17,"W",1.07304459948482,0.000919283271384285,0.0908071430362082,946,0.135144499772222
"628",17,"B",0.231375177669309,0.000403625175120417,0.0911795856273544,725,-0.164021473636204
"629",17,"D",0.328782474102418,0.000341282883644099,0.0512883829440841,1761,0.691434954867805
"630",17,"F",0.27954430594661,0.000292244217722313,0.0708181578769814,715,-0.200805297587385
"631",17,"HH",0.426148385164489,0.000684288372967306,0.0639679505333711,1070,0.183612297650633
"632",17,"K",0.202359559379471,0.000461956167797811,0.0588740437098577,931,0.0165610039751052
"633",17,"M",-0.479576140631182,0.000550208846986773,0.0864963795975907,952,0.0590866490765382
"634",17,"N",2.52566073933765,0.00057602868506816,0.0740142743429722,2373,1.26515386653141
"635",17,"P",0.372807673212281,0.000305570632967636,0.0681395797185271,455,-0.418550975627964
"636",17,"S",0.604546805987832,0.000948525612409763,0.0790466853234765,1278,0.420197721246988
"637",17,"T",4.62899552412025,0.000466818955681696,0.0793627160005276,2432,1.29242406266532
"638",17,"V",-1.27129748347614,0.000469294606457141,0.0677070707070707,500,-0.344934203407316
"639",17,"Z",0.29322156640757,0.00073303591417808,0.0781659665663903,944,0.0904025789574115
"640",17,"DH",0.79092986830784,0.000347551508749001,0.0830093900322182,1577,0.543409121854859
"641",17,"NG",0.279622635905341,0.000873032155809849,0.072608975679201,382,-0.356033249359134
"642",17,"G",-0.489779623500268,0.000656145512334235,0.120695690705661,295,-0.467186676384532
"643",17,"SH",-0.518700460745394,0.00142886829463055,0.0621017184253231,279,-0.324451912516768
"644",17,"CH",-1.04552794078283,0.000752329674439643,0.0553734770744456,118,-0.609242080249873
"645",17,"TH",-0.874338084989655,0.000385290311645358,0.0890994916485112,210,-0.604405585284425
"646",17,"JH",-1.39132750784024,0.000975818317960424,0.0738917367191333,83,-0.586541572728094
"647",18,"IY",0.257860309549258,0.00123786941126436,0.0659998099256809,1349,0.409025126863001
"648",18,"OW",-0.310396180590637,0.00120393808365015,0.0707050797454422,607,-0.225555866979821
"649",18,"AE",0.193856996438502,0.00181860956498639,0.0965472261887681,721,0.00983343822050669
"650",18,"AA",-0.0538204624992408,0.00134767007337779,0.0667143395019264,445,-0.332240436601757
"651",18,"EH",-0.426030539097031,0.00181553905650815,0.0714655567035739,963,0.208990186938867
"652",18,"ER",-0.225828380672571,0.00113555979210289,0.075639771805552,752,-0.116684244649312
"653",18,"IH",1.29851973125314,0.0014827714721394,0.0867145403615992,1870,0.907511648848895
"654",18,"UH",-1.4408313223167,0.0010863614740065,0.0587457890645245,227,-0.575224941584367
"655",18,"AH",2.37877853882525,0.00136754871680927,0.0807211757690554,3655,2.39235564832788
"656",18,"AO",0.0307163641495873,0.00118668190747364,0.0825443974713865,581,-0.248939094327244
"657",18,"UW",-0.296575169639893,0.000400953986541076,0.0777486269035067,404,-0.570633405396512
"658",18,"EY",-0.38583477248986,0.00138742584333512,0.0705445874741546,517,-0.261871503193758
"659",18,"AY",-0.30213768578096,0.00165481732553812,0.104103788480248,626,-0.104693813876072
"660",18,"OY",-0.943386600382387,0.00131532865205995,0.0759958427815571,110,-0.621005774392377
"661",18,"AW",-0.044161307743549,0.00107779344658308,0.0891044382769122,264,-0.539661849783268
"662",18,"Y",-1.11871917209142,0.000935986158943444,0.0892936288088643,190,-0.633111083363186
"663",18,"L",0.534196366226075,0.000786110998691261,0.081077346743295,1392,0.350205108648965
"664",18,"R",-0.7603109479676,0.000993281857759541,0.0871358522814834,1133,0.177222142342215
"665",18,"W",0.460496402519001,0.000919283271384285,0.0908071430362082,946,0.00355957961969744
"666",18,"B",0.404885111171986,0.000403625175120417,0.0911795856273544,725,-0.295606393788728
"667",18,"D",0.824267465424414,0.000341282883644099,0.0512883829440841,1761,0.559850034715281
"668",18,"F",-0.506138634734004,0.000292244217722313,0.0708181578769814,715,-0.332390217739909
"669",18,"HH",-0.571549607864105,0.000684288372967306,0.0639679505333711,1070,0.0520273774981089
"670",18,"K",1.8110554221206,0.000461956167797811,0.0588740437098577,931,-0.115023916177419
"671",18,"M",-0.675953957283439,0.000550208846986773,0.0864963795975907,952,-0.072498271075986
"672",18,"N",-0.130974271403002,0.00057602868506816,0.0740142743429722,2373,1.13356894637889
"673",18,"P",-0.18677639869609,0.000305570632967636,0.0681395797185271,455,-0.550135895780488
"674",18,"S",0.465328739268505,0.000948525612409763,0.0790466853234765,1278,0.288612801094464
"675",18,"T",2.10364496896484,0.000466818955681696,0.0793627160005276,2432,1.16083914251279
"676",18,"V",-1.05772867213761,0.000469294606457141,0.0677070707070707,500,-0.47651912355984
"677",18,"Z",-0.202628678031908,0.00073303591417808,0.0781659665663903,944,-0.0411823411951127
"678",18,"DH",1.00569267551758,0.000347551508749001,0.0830093900322182,1577,0.411824201702335
"679",18,"NG",-0.604413595325905,0.000873032155809849,0.072608975679201,382,-0.487618169511658
"680",18,"G",-1.05252741426142,0.000656145512334235,0.120695690705661,295,-0.598771596537057
"681",18,"SH",-0.252043306892405,0.00142886829463055,0.0621017184253231,279,-0.456036832669293
"682",18,"CH",-0.352906334879549,0.000752329674439643,0.0553734770744456,118,-0.740827000402397
"683",18,"TH",-1.26936195594891,0.000385290311645358,0.0890994916485112,210,-0.735990505436949
"684",18,"JH",-1.39421987516096,0.000975818317960424,0.0738917367191333,83,-0.718126492880618
"685",19,"IY",2.06283949332665,0.00123786941126436,0.0659998099256809,1349,0.335838111037776
"686",19,"OW",-0.268579550447399,0.00120393808365015,0.0707050797454422,607,-0.298742882805046
"687",19,"AE",0.022952716347058,0.00181860956498639,0.0965472261887681,721,-0.0633535776047179
"688",19,"AA",-0.250020885708095,0.00134767007337779,0.0667143395019264,445,-0.405427452426982
"689",19,"EH",-0.459589151836076,0.00181553905650815,0.0714655567035739,963,0.135803171113643
"690",19,"ER",0.642052798382937,0.00113555979210289,0.075639771805552,752,-0.189871260474536
"691",19,"IH",0.483263954257262,0.0014827714721394,0.0867145403615992,1870,0.83432463302367
"692",19,"UH",-1.2173506735084,0.0010863614740065,0.0587457890645245,227,-0.648411957409591
"693",19,"AH",1.9028717998691,0.00136754871680927,0.0807211757690554,3655,2.31916863250266
"694",19,"AO",0.109752635415379,0.00118668190747364,0.0825443974713865,581,-0.322126110152469
"695",19,"UW",-0.73999322431954,0.000400953986541076,0.0777486269035067,404,-0.643820421221736
"696",19,"EY",-0.777836087984538,0.00138742584333512,0.0705445874741546,517,-0.335058519018982
"697",19,"AY",0.634995061005795,0.00165481732553812,0.104103788480248,626,-0.177880829701296
"698",19,"OY",-1.21806360057262,0.00131532865205995,0.0759958427815571,110,-0.694192790217601
"699",19,"AW",-0.0880385808035669,0.00107779344658308,0.0891044382769122,264,-0.612848865608492
"700",19,"Y",-1.14719588223864,0.000935986158943444,0.0892936288088643,190,-0.706298099188411
"701",19,"L",0.85322451938592,0.000786110998691261,0.081077346743295,1392,0.277018092823741
"702",19,"R",-0.0388587630566881,0.000993281857759541,0.0871358522814834,1133,0.10403512651699
"703",19,"W",1.01283093052939,0.000919283271384285,0.0908071430362082,946,-0.0696274362055272
"704",19,"B",-0.139892902376213,0.000403625175120417,0.0911795856273544,725,-0.368793409613953
"705",19,"D",0.488396171656228,0.000341282883644099,0.0512883829440841,1761,0.486663018890056
"706",19,"F",0.835121150714341,0.000292244217722313,0.0708181578769814,715,-0.405577233565133
"707",19,"HH",0.127527185665144,0.000684288372967306,0.0639679505333711,1070,-0.0211596383271157
"708",19,"K",1.36306032399428,0.000461956167797811,0.0588740437098577,931,-0.188210932002644
"709",19,"M",-0.163421417059429,0.000550208846986773,0.0864963795975907,952,-0.145685286901211
"710",19,"N",1.44221289294349,0.00057602868506816,0.0740142743429722,2373,1.06038193055367
"711",19,"P",0.561434839844521,0.000305570632967636,0.0681395797185271,455,-0.623322911605713
"712",19,"S",0.219087630566439,0.000948525612409763,0.0790466853234765,1278,0.215425785269239
"713",19,"T",3.47132175205562,0.000466818955681696,0.0793627160005276,2432,1.08765212668757
"714",19,"V",-1.02766645663429,0.000469294606457141,0.0677070707070707,500,-0.549706139385065
"715",19,"Z",0.788961464110273,0.00073303591417808,0.0781659665663903,944,-0.114369357020337
"716",19,"DH",0.323197211020061,0.000347551508749001,0.0830093900322182,1577,0.33863718587711
"717",19,"NG",-0.798339609092881,0.000873032155809849,0.072608975679201,382,-0.560805185336882
"718",19,"G",-1.06937493960892,0.000656145512334235,0.120695690705661,295,-0.671958612362281
"719",19,"SH",-0.54660158158157,0.00142886829463055,0.0621017184253231,279,-0.529223848494517
"720",19,"CH",-1.11473468937507,0.000752329674439643,0.0553734770744456,118,-0.814014016227622
"721",19,"TH",-0.878865663087103,0.000385290311645358,0.0890994916485112,210,-0.809177521262174
"722",19,"JH",-1.60203282288696,0.000975818317960424,0.0738917367191333,83,-0.791313508705843
